Pool,Project,Category,Chain,TVL,APY,APY Base,APY Mean 30d,APY Reward,Outlook,Confidence
USDT,AAVE V3,Lending,Ethereum,1476085723,2.63937,2.63937,3.71227,,Up,3
USDC,AAVE V3,Lending,Ethereum,1248828971,2.66227,2.66227,3.81837,,Up,3
USUALUSDC+,Morpho Blue,Lending,Ethereum,309915732,8.33134,8.13776,12.32744,0.19357,Up,3
USDT,Fluid Lending,Lending,Ethereum,237115897,4.58,3.3,6.0689,1.28,Up,3
USDC,Fluid Lending,Lending,Ethereum,214158610,5.17,3.75,6.05453,1.42,Up,3
DAI-USDC-USDT,Curve DEX,Dexs,Ethereum,169229709,0.04064,0.04,0.36628,0.00064,Up,3
USDT,Venus Core Pool,Lending,BSC,168199996,5.02752,5.02752,5.9694,,Up,1
USDC,Compound V3,Lending,Ethereum,145847730,4.16235,3.97929,4.68625,0.18307,Down,1
USDC,AAVE V3,Lending,Arbitrum,108598553,3.11302,3.11302,4.32819,,Up,3
STEAKUSDC,Morpho Blue,Lending,Ethereum,105017695,5.18286,4.17579,6.07476,1.00707,Up,1
BBQUSDC,Morpho Blue,Lending,Ethereum,102337097,7.07775,6.39017,10.20951,0.68758,Up,3
GTUSDCCORE,Morpho Blue,Lending,Ethereum,98380983,6.09479,5.653,8.3586,0.44179,Up,3
SPARKUSDC,Morpho Blue,Lending,Base,97007062,5.51966,4.30069,8.41782,1.21897,Up,2
USDC,Venus Core Pool,Lending,BSC,79416407,4.11466,4.11466,6.49291,,Up,1
USDS-USDC,Kamino Liquidity,Liquidity manager,Solana,77871240,0.06569,0.06569,0.39861,,Up,3
USDT,Compound V3,Lending,Ethereum,62646624,4.09828,3.54042,5.09767,0.55786,Up,3
DAI-USDC,Arrakis V1,Liquidity manager,Ethereum,62328752,1.03837,1.03837,0.48896,,Up,1
DAI-USDC,Uniswap V3,Dexs,Ethereum,62129654,0.33545,0.33545,0.73979,,Up,2
USDC.E,AAVE V3,Lending,Sonic,60297827,1.18648,1.18648,1.00163,,,
STEAKUSDT,Morpho Blue,Lending,Ethereum,55482039,4.2341,3.22701,6.5861,1.00709,Up,2
USDC,AAVE V3,Lending,Avalanche,54730986,2.79031,2.79031,2.83941,,Up,3
USDC,AAVE V3,Lending,Base,48564561,4.17659,4.17659,4.45919,,Down,1
HUSDC,Morpho Blue,Lending,Ethereum,48266120,8.73088,8.73088,12.73918,,Up,3
USDC,Tectonic,Lending,Cronos,45103610,2.10908,2.03912,2.33196,0.06996,Up,1
USDC,Kamino Lend,Lending,Solana,43254247,4.8473,4.8473,5.79398,,Up,3
USDT,Tectonic,Lending,Cronos,42925318,1.86606,1.85372,1.95625,0.01234,Up,2
USDC.E,Silo V2,Lending,Sonic,41348679,2.7334,2.7334,4.99705,,Up,3
USDT-USDC,VVS Standard,Dexs,Cronos,38824493,0.79221,0.09282,0.90605,0.69939,Up,2
USDT,AAVE V3,Lending,Avalanche,35952716,2.87485,2.87485,3.06343,,Up,3
USDT,Compound V2,Lending,Ethereum,34241233,2.53551,2.53551,4.71889,,Up,3
REUSDC,Morpho Blue,Lending,Ethereum,34187967,8.51745,7.51018,10.8528,1.00727,Up,3
USDC-USDT,Uniswap V3,Dexs,Ethereum,33947967,8.15256,8.15256,5.75109,,Down,3
RESOLVUSDC,Morpho Blue,Lending,Ethereum,32840187,6.97931,6.6354,10.84113,0.3439,Up,3
USD0-USDC,Curve DEX,Dexs,Ethereum,30624107,4.26,4.26,1.37568,,Down,1
UPUSDC,Upshift,Managed Token Pools,Ethereum,30354496,9.09,9.09,10.44263,,Up,1
MWUSDC,Morpho Blue,Lending,Base,30045898,5.37517,4.30824,8.45144,1.06693,Up,1
USDL-USDC,Curve DEX,Dexs,Ethereum,29931956,1.73,1.73,1.79385,,Up,3
USDT,JustLend,Lending,Tron,26403371,3.3385,3.3385,5.00366,,Up,2
SMUSDC,Morpho Blue,Lending,Base,25589436,7.29072,4.67125,10.78258,2.61947,Up,3
GTUSDC,Morpho Blue,Lending,Ethereum,24404086,5.23652,4.22945,6.04731,1.00706,Up,2
USDC,NAVI Lending,Lending,Sui,23628402,3.72772,3.72772,6.31369,,Up,3
USDC,Save,Lending,Solana,23075673,3.06,3.06,4.2181,,Up,1
USDC,Fluid Lending,Lending,Arbitrum,22106994,7.27,1.77,8.70707,5.5,Up,2
USDC-RLUSD,Curve DEX,Dexs,Ethereum,21624910,13.89608,0.88,3.50773,13.01608,Down,3
USDC,Compound V2,Lending,Ethereum,20607656,1.68465,1.68465,4.30407,,Up,3
USDT,Compound V3,Lending,Arbitrum,20344622,3.01287,2.42373,4.58041,0.58915,Up,3
USDT-MIM,Uniswap V3,Dexs,Arbitrum,20028738,0.002,0.002,0.09481,,,
USDC-USDTB,Curve DEX,Dexs,Ethereum,19980750,0,0,0.0015,,,
USDM-USDT,Uniswap V3,Dexs,Ethereum,19940482,0.00658,0.00658,0.0105,,Up,3
USDT,AAVE V3,Lending,Polygon,17323377,3.52353,3.52353,4.37776,,Up,2
USDC-USDC,Uniswap V3,Dexs,Polygon,17097817,1.24087,1.24087,1.62786,,Up,2
BEEFYUSDC.E-SCUSD,Beets DEX,Dexs,Sonic,16540880,4.11476,0.0024,10.12419,4.11236,Up,2
USDC,Spark,Lending,Ethereum,16393012,0.29928,0.29928,5.86876,,Up,3
USDC,AAVE V2,Lending,Ethereum,15868580,1.99663,1.99663,2.10456,,Up,3
USDC,AAVE V3,Lending,Polygon,15780504,3.29422,3.29422,4.35389,,Up,2
PYUSD-USDC,Curve DEX,Dexs,Ethereum,15235680,0.33789,0.3,0.77316,0.03789,Up,2
USDC-FXUSD,Curve DEX,Dexs,Ethereum,15073602,1.32771,1.17,1.48537,0.15771,Up,3
USDC-FXUSD,Convex Finance,Yield,Ethereum,15073602,1.40683,1.17,1.53692,0.23683,Up,1
USDC-FXUSD,fx Protocol,CDP,Ethereum,15069858,8.74,,14.43285,,Up,3
USDC,Benqi Lending,Lending,Avalanche,14742736,5.11117,5.11117,6.98823,,Up,2
USDC,Credix,RWA Lending,Solana,14310430,0.18368,0.18368,0.54403,,Up,3
USDC.E,Silo V2,Lending,Sonic,13963213,4.68405,1.67202,10.6246,3.01203,Up,3
DAI-USDC-USDT-SUSD,Curve DEX,Dexs,Ethereum,13846679,0.98459,0.98,0.3068,0.00459,Up,1
USDC,AAVE V3,Lending,Optimism,13629515,3.75365,3.75365,4.70402,,Up,3
USR-USDC,Curve DEX,Dexs,Ethereum,13411688,2.66891,2.61,1.45219,0.05891,Up,1
DEUSD-USDC,Curve DEX,Dexs,Ethereum,13253952,1.4,1.4,0.78424,,Up,2
IDAI-IUSDC-IUSDT,Curve DEX,Dexs,Ethereum,12417086,20.02269,19.97,19.02089,0.05269,Down,3
USDC,Moonwell,Lending,Base,12220453,4.7396,3.44483,6.83957,1.29477,Up,3
USDC,Fluid Lending,Lending,Base,12216894,7.14,2.16,8.03333,4.98,Up,2
USDA-USDT,Uniswap V3,Dexs,Ethereum,11988498,0.0037,0.0037,0.26482,,,
USDT,AAVE V3,Lending,BSC,11365088,3.8249,3.8249,4.64934,,Up,2
DAI-USDC,Uniswap V3,Dexs,Ethereum,10989672,0.06829,0.06829,1.54963,,Up,2
ADAI-AUSDC-AUSDT,Curve DEX,Dexs,Ethereum,10758011,3.29016,3.29,2.3151,0.00016,Up,1
APRUSDC,Morpho Blue,Lending,Ethereum,10624150,6.97112,6.6267,11.15034,0.34442,Up,3
SYRUPUSDC,Pendle,Yield,Ethereum,10566090,12.38894,12.38894,14.03055,,Down,2
SYRUPUSDC,Pendle,Yield,Ethereum,10566090,10.84317,9.31976,14.00107,1.52341,Up,2
AUSD-USDC,Joe V2.1,Dexs,Avalanche,10540909,0.79028,0.79028,0.70823,,Down,1
USDC,Across,Cross Chain Bridge,Ethereum,10428702,4.01402,0.9561,5.59687,3.05792,Up,3
DAI-USDC,Arrakis V1,Liquidity manager,Ethereum,10409211,0.07739,0.07739,0.07739,,Up,2
SUPERUSDC,Pendle,Yield,Ethereum,10260571,9.33042,8.07117,15.73283,1.25925,Down,1
SUPERUSDC,Pendle,Yield,Ethereum,10260571,12.75186,12.75186,16.70032,,Down,2
USDC,Compound V3,Lending,Base,10189738,4.80735,3.91311,6.09446,0.89424,Up,3
AUSD-USDC,Kamino Liquidity,Liquidity manager,Solana,9801314,0.06985,0.06985,0.05289,,Up,2
USDCE,Beefy,Yield Aggregator,Sonic,9790107,4.04982,,8.39758,,Up,3
USDE-USDC,Curve DEX,Dexs,Ethereum,9559770,3.17,3.17,4.90575,,Down,2
SBMORPHOUSDC,Morpho Blue,Lending,Ethereum,9556333,4.74845,3.9383,5.48023,0.81015,Up,2
USDC,Yearn Finance,Yield Aggregator,Ethereum,9275136,3.78666,3.78666,6.95305,,Up,2
USDC,Gains Network,Derivatives,Arbitrum,9127814,14.60247,14.60247,9.23312,,Down,2
USDC-USD+,Aerodrome Slipstream,Dexs,Base,8616095,0.07766,,0.12167,0.07766,Up,3
GTEUSDC,Morpho Blue,Lending,Ethereum,8164767,11.21933,0.70482,14.72567,10.5145,Down,3
ZUSDC,Aries Markets,Lending,Aptos,8040969,1.23197,1.23178,3.0241,0.00019,Up,3
USDT,AAVE V2,Lending,Ethereum,8021777,2.90524,2.90524,1.89382,,Up,3
USDC,Yearn Finance,Yield Aggregator,Ethereum,7889410,4.10545,4.10545,4.86153,,Up,1
USDC-USDT,Ferro,Dexs,Cronos,7627918,1.6723,0.09883,2.40132,1.57347,Up,3
CUSDO-USDC,Curve DEX,Dexs,Ethereum,7581196,2.15,2.15,2.05742,,Up,2
FRAX-USDC,Curve DEX,Dexs,Ethereum,7493678,12.13973,10.06,3.84925,2.07973,Down,3
RUSDY-USDC,Curve DEX,Dexs,Ethereum,7345176,2.67,2.67,2.67,,Down,2
SUIUSDT,NAVI Lending,Lending,Sui,7228416,3.85639,3.85639,9.09886,,Up,3
USDT,Save,Lending,Solana,7179920,2.54,2.54,3.71244,,Up,2
USDC,Avantis,Derivatives,Base,7128135,3.68291,3.68291,3.93329,,Up,3
USDT,Benqi Lending,Lending,Avalanche,6917954,4.71959,4.71959,7.58659,,Up,2
USDC,AAVE V3,Lending,zkSync Era,6883522,1.37272,1.37272,2.61773,,Up,3
USDC,Echelon Market,Lending,Aptos,6838961,12.61694,7.28502,15.078,5.33192,,
MIM-DAI-USDC-USDT,StakeDAO,Yield,Ethereum,6765396,14.90375,0.17,16.9288,14.73375,Down,1
GTUSDCC,Morpho Blue,Lending,Base,6757762,6.14046,5.46833,9.12915,0.67213,Up,2
USDT,Allbridge Classic,Bridge,Tron,6699039,0.10968,0.10968,0.14465,,Up,3
USDC,Extra Finance Leverage Farming,Leveraged Farming,Base,6656315,10.45289,9.96458,9.75778,0.48831,Up,3
USDC.E-USDT-SDAI,Balancer V2,Dexs,Gnosis,6494497,0.28471,0.28471,0.38171,,Up,2
USDT,AAVE V3,Lending,Optimism,6493938,3.2841,3.2841,4.23372,,Up,3
USDC,Fluid Lending,Lending,Polygon,6413854,0,0,0,,,
USDT,Kamino Lend,Lending,Solana,6262813,2.53517,2.53517,4.2289,,Up,3
MIM-DAI-USDC-USDT,Beefy,Yield Aggregator,Ethereum,6030016,12.87875,,15.10108,,Down,2
USDT-USDC,Joe V2.1,Dexs,Avalanche,5975581,3.23145,3.23145,5.77124,,Up,2
USDC,Allbridge Classic,Bridge,Solana,5878231,0.06798,0.06798,0.06667,,Up,2
WAETHUSDT-WAETHLIDOGHO-WAETHUSDC,Beefy,Yield Aggregator,Ethereum,5877257,12.92548,,15.95238,,Up,1
GTUSDCP,Morpho Blue,Lending,Base,5825725,5.3405,4.33845,8.52832,1.00205,Up,2
USDT,Fluid Lending,Lending,Polygon,5795219,0.02,0.02,0.02143,,,
USDC,Thorchain,Dexs,Ethereum,5787059,0,,0.05186,,,
USDT,Yearn Finance,Yield Aggregator,Ethereum,5523314,3.35306,3.35306,4.28215,,Up,2
GTUSDT,Morpho Blue,Lending,Ethereum,5440591,4.14644,3.13905,6.47946,1.00739,Up,2
APRUSDC,Morpho Blue,Lending,Base,5429983,6.35679,5.70842,10.27425,0.64837,Up,1
USDT,Yearn Finance,Yield Aggregator,Ethereum,5422612,4.07498,4.07498,6.18793,,Up,1
FDUSD-USDC,Kamino Liquidity,Liquidity manager,Solana,5267619,0.3466,0.3466,1.38486,,Up,2
EUSD-USDC,Curve DEX,Dexs,Ethereum,5263505,9.52021,3.39,8.17368,6.13021,Up,1
SYRUPUSDC-USDC,Balancer V2,Dexs,Ethereum,5206699,0.6723,0.6723,1.00833,,Up,1
GUSDC,Pendle,Yield,Arbitrum,5074636,17.02475,15.59157,13.45036,1.43318,Down,1
GUSDC,Pendle,Yield,Arbitrum,5074636,9.95056,9.95056,10.54822,,Up,1
SYRUPUSDC-USDC,Uniswap V3,Dexs,Ethereum,4971117,2.77381,2.77381,1.92566,,Up,1
DOLA-USDC,Aerodrome V1,Dexs,Base,4953818,2.62926,,5.65177,2.62926,Up,3
USDT,KiloEx,Derivatives,Op_bnb,4909878,3.24,3.24,8.76563,,Up,3
USDC-USDT,Curve DEX,Dexs,Ethereum,4885076,9.10453,6.76,8.09802,2.34453,Down,2
AUSD-USDT,Joe V2.1,Dexs,Avalanche,4760606,1.71516,1.71516,2.07672,,Up,1
USDC,AAVE V3,Lending,BSC,4745513,3.50654,3.50654,4.19332,,Up,3
USDC-USDT,Uniswap V2,Dexs,Ethereum,4720627,0,0,2.16444,,,
MIM-USDC,Beefy,Yield Aggregator,Arbitrum,4712681,12.4603,,14.70864,,Up,2
DEUSD-USDC,Joe V2.1,Dexs,Avalanche,4686930,0.03803,0.03803,0.55871,,Up,3
USDT,Azuro,Prediction Market,Polygon,4481661,0,0,0,,,
USR-USDC,Aerodrome V1,Dexs,Base,4481198,4.27464,,3.80689,4.27464,Down,1
USDC,Compound V3,Lending,Arbitrum,4425570,4.23308,3.41014,4.90294,0.82293,Up,3
STEAKUSDC,Morpho Blue,Lending,Base,4406718,5.39716,4.3981,9.41823,0.99906,Up,1
USDC,Beefy,Yield Aggregator,Base,4403579,7.12857,,10.65643,,Up,2
USDC,Beefy,Yield Aggregator,Base,4392039,4.75815,,6.02056,,Up,3
AMDAI-AMUSDC-AMUSDT,Curve DEX,Dexs,Polygon,4269683,1.74,1.74,0.96409,,Up,3
IONICUSDC,Morpho Blue,Lending,Base,4261431,6.41379,5.77202,9.87085,0.64177,Down,1
USDC.E,AAVE V3,Lending,Gnosis,4239527,2.2013,2.2013,3.15718,,Up,1
USDT,Allbridge Classic,Bridge,BSC,4233539,0.13892,0.13892,0.19723,,Up,3
CSUSDC,Morpho Blue,Lending,Ethereum,4210587,5.74899,4.74179,6.25653,1.0072,Up,2
USDE-USDT,Uniswap V3,Dexs,Ethereum,4182607,9.22977,9.22977,29.16152,,Down,2
USDC-LVLUSD,Curve DEX,Dexs,Ethereum,4175420,0.06,0.06,0.27196,,Up,2
USDC-USDT,Convex Finance,Yield,Ethereum,4104164,9.43784,6.76,9.43167,2.67784,Up,3
PYUSD-USDT,Uniswap V3,Dexs,Ethereum,4086705,21.00934,21.00934,22.01164,,Down,3
USDC,Yearn Finance,Yield Aggregator,Ethereum,4083217,6.29547,6.29547,2209.82333,,Up,1
USDT,Alpaca Leveraged Yield Farming,Leveraged Farming,BSC,4066490,3.49279,,3.76083,,Up,1
USDC,IPOR Fusion,Yield Aggregator,Ethereum,4034170,7.54782,7.54782,10.33298,,Up,3
EUSD-USDC,Convex Finance,Yield,Ethereum,3961774,15.29503,3.39,12.76567,11.90503,Up,2
USDC,NX Finance,Yield Aggregator,Solana,3920072,7.92,7.92,11.42132,,Up,2
USDC,Avantis,Derivatives,Base,3867178,3.58407,3.58407,3.53601,,Up,3
USDC,Mars Lend,Lending,Osmosis,3802358,4.80492,4.80492,6.99524,,Up,2
DAI-USDT,Uniswap V3,Dexs,Ethereum,3777218,18.04705,18.04705,14.49213,,Down,3
USDT,NAVI Lending,Lending,Sui,3677833,5.9982,5.9982,7.55187,,Up,3
BOLD-USDC,Curve DEX,Dexs,Ethereum,3587489,4.38393,2.58,3.10441,1.80393,Up,3
FRAX-USDC,Uniswap V3,Dexs,Ethereum,3566411,0.2533,0.2533,2.94463,,Up,1
USDC-USDT,Uniswap V3,Dexs,Arbitrum,3543351,3.93588,3.93588,7.94337,,Up,3
USDT,Thorchain,Dexs,Ethereum,3515725,0,,0.35126,,,
USDC,Folks Finance Lending,Lending,Algorand,3513126,3.8,3.8,4.02261,,Up,3
USDT,KiloEx,Derivatives,Manta,3441974,4.65,4.65,2.38702,,Down,1
USDC-SUSD,Velodrome V2,Dexs,Optimism,3370440,5.1686,,14.37428,5.1686,Up,3
USDC,Fractal Protocol,Yield,Ethereum,3350771,11,,11,,Down,2
USDC,Allbridge Classic,Bridge,Ethereum,3321186,0.0856,0.0856,0.09769,,Up,3
STEAKUSDCRWA,Morpho Blue,Lending,Ethereum,3318451,7.02693,6.33667,9.91556,0.69026,Down,1
USDC,AAVE V3,Lending,Scroll,3244348,2.37288,2.37288,4.82029,,Up,3
USR-USDC,Uniswap V3,Dexs,Ethereum,3227426,0.87442,0.87442,2.05671,,Up,3
USDC,Harmonix Finance,Yield,Arbitrum,3158889,12.51824,12.51824,16.94643,,Up,3
USDC,Compound V3,Lending,Polygon,3090655,4.82519,3.51575,5.51414,1.30944,Up,3
USDT,Compound V3,Lending,Optimism,3074329,3.30709,2.40053,4.37121,0.90656,Up,3
STATAARBUSDCN-GYD,Balancer V2,Dexs,Arbitrum,3062960,0.00037,0.00037,0.02222,,,
USDT,Across,Cross Chain Bridge,Ethereum,2995882,5.15607,0.71663,5.64648,4.43944,Up,3
RE7USDC,Morpho Blue,Lending,Base,2980452,5.8318,4.85561,8.29772,0.97619,Up,2
USDT,EVAA Protocol,Lending,Ton,2910760,3.9156,3.9156,4.89582,,Up,2
USDC,Gains Network,Derivatives,Base,2900122,8.19262,8.19262,11.19728,,Up,2
GHO-USDC-USDT,Balancer V2,Dexs,Ethereum,2889908,0.30935,0.30935,0.92081,,Up,2
GHO-USDC-USDT,Aura,Yield,Ethereum,2857835,5.13514,1.05678,3.3259,4.07836,Up,3
USDT,Allbridge Classic,Bridge,Solana,2801586,0.11993,0.11993,0.14397,,Up,3
USDC,Gearbox,Lending,Ethereum,2798063,5.9608,5.4708,5.41595,0.49,Up,1
USDT,Yearn Finance,Yield Aggregator,Ethereum,2790260,4.10186,4.10186,5.1434,,Up,3
USDC-USDT,Uniswap V3,Dexs,Ethereum,2740641,0.41218,0.41218,1.83868,,Down,1
USDC.E-USDT-SDAI,Aura,Yield,Gnosis,2725591,3.45115,,4.46677,3.45115,Up,1
USDT,Allbridge Classic,Bridge,Ethereum,2677957,0.11458,0.11458,0.16743,,Up,3
DEUSD-USDT,Curve DEX,Dexs,Ethereum,2677124,2.44,2.44,0.33705,,Down,1
BBQUSDT,Morpho Blue,Lending,Ethereum,2674297,3.89762,3.04227,8.25973,0.85535,Up,3
USDT,Echelon Market,Lending,Aptos,2501872,11.07457,7.17952,12.9475,3.89505,,
FXUSD-USDC,Beefy,Yield Aggregator,Ethereum,2485132,9.62215,,18.64872,,Down,1
USDC,DeltaPrime,Leveraged Farming,Avalanche,2482448,9.67908,9.67908,15.46932,,Down,1
USDC,Francium,Yield,Solana,2438556,13.15071,13.15071,13.15071,,Down,3
USDC,Compound V3,Lending,Optimism,2396402,3.60782,2.59787,4.83388,1.00996,Up,3
USDC,KiloEx,Derivatives,Base,2367091,11.57,11.57,5.81521,,Down,1
USDC.E(SILOVAULT)-SCUSD,Beefy,Yield Aggregator,Sonic,2287581,11.08077,,15.96398,,Up,2
USDC.E,AAVE V2,Lending,Avalanche,2276345,0.37365,0.37365,0.53345,,Up,1
USDC,HoldStation DeFutures,Derivatives,zkSync Era,2261351,3.54,2.23,1.63319,1.31,Up,3
USDC,Beefy,Yield Aggregator,Arbitrum,2254347,4.18378,,4.85228,,Up,2
USDT,Compound V3,Lending,Polygon,2232729,5.33863,3.78614,6.75693,1.55248,Down,1
NUSDC,Notional V3,Lending,Ethereum,2215043,8.67825,6.10044,11.90363,2.57781,Up,3
NUSDC,Notional V3,Lending,Ethereum,2215043,11.60015,0,24.05671,11.60015,Up,2
USDC-USDM,Curve DEX,Dexs,Optimism,2198347,9.4953,2.38,7.04429,7.1153,Down,1
EUSD-USDC,Aerodrome V1,Dexs,Base,2181647,3.97053,,5.04842,3.97053,Up,2
USDC,AAVE V3,Lending,Ethereum,2178511,3.09492,3.09492,4.75292,,Up,3
MUSDC,Pendle,Yield,Base,2166102,6.42444,6.37958,6.85354,0.04486,Down,1
MUSDC,Pendle,Yield,Base,2166102,9.41922,9.41922,9.47429,,Down,1
USDC,Wing Finance,Lending,BSC,2134091,7.09726,5.9231,7.24456,1.17416,Down,1
GTUSDCF,Morpho Blue,Lending,Ethereum,2120064,8.38006,7.37297,14.41733,1.00709,Up,1
STATAARBUSDCN-GHO,Balancer V2,Dexs,Arbitrum,2087821,0.01234,0.01234,5.51232,,Up,3
USDC,Beefy,Yield Aggregator,Ethereum,2085671,6.99581,,10.14353,,Up,2
AVDAI-AVUSDC-AVUSDT,Curve DEX,Dexs,Avalanche,2081453,1.25633,1.25633,1.25429,,Up,2
USDT,Yearn Finance,Yield Aggregator,Ethereum,2074875,4.2175,4.2175,6.40061,,Up,3
STATAARBUSDCN-GHO,Aura,Yield,Arbitrum,2069469,9.32068,,9.73639,9.32068,Down,1
MIM-USDT,Beefy,Yield Aggregator,Arbitrum,2049428,13.03702,,15.52763,,Up,3
IBUSDT,Alpaca Leveraged Yield Farming,Leveraged Farming,BSC,2030638,0,,0,,,
GTMSUSDC,Morpho Blue,Lending,Ethereum,2018085,5.41768,5.41768,5.69573,,Down,2
SUSDE-USDT,Uniswap V3,Dexs,Ethereum,2015225,19.48892,19.48892,25.70701,,Down,2
RLUSD-USDC,Uniswap V3,Dexs,Ethereum,2002177,0.01068,0.01068,0.16773,,Up,3
USDT,AAVE V2,Lending,Polygon,1992785,0.00027,0.00027,0.00758,,,
USDC,ZeroLend,Lending,zkSync Era,1973156,1.41042,1.41042,1.82524,,Up,3
FDUSD-USDT,Kamino Liquidity,Liquidity manager,Solana,1953878,0.17657,0.17657,0.72187,,Up,3
USDC-USDM,Curve DEX,Dexs,Arbitrum,1953556,3.16,3.16,2.638,,Up,3
FRXUSD-USDT,Curve DEX,Dexs,Fraxtal,1951461,10.37119,0.17,11.57206,10.20119,Up,1
USDC,Vesper,Yield Aggregator,Ethereum,1937884,8.5,8.5,7.73072,,Down,3
GUSDC,Beefy,Yield Aggregator,Arbitrum,1874110,17.23223,,12.50209,,Up,2
USDC-USDT,Aerodrome Slipstream,Dexs,Base,1865979,1.12748,,5.44402,1.12748,Up,3
FDUSD-USDT,Kamino Liquidity,Liquidity manager,Solana,1850906,0,0,0,,,
USDC-GYD,Balancer V2,Dexs,Ethereum,1816438,0.0072,0.0072,0.13727,,Up,2
USDC-ALUSD,Velodrome V2,Dexs,Optimism,1792565,2.20537,,9.70255,2.20537,Up,3
AXLUSDT-USDT,Curve DEX,Dexs,Kava,1786503,12.70079,0,12.97035,12.70079,Up,2
DOLA-USDC,Beefy,Yield Aggregator,Base,1782865,2.42345,,5.28621,,Down,1
USDC,Takara Lend,Lending,Sei,1755322,3.0087,3.0087,1.6502,,Down,2
USN-USDT,Uniswap V3,Dexs,Ethereum,1749187,0.00054,0.00054,0.02166,,,
WXDAI-USDC-USDT,Curve DEX,Dexs,Gnosis,1736852,0.16,0.16,0.0949,,Up,3
USDCE,Beefy,Yield Aggregator,Polygon,1702496,4.75797,,5.42165,,Up,3
BOLD-USDC,Beefy,Yield Aggregator,Ethereum,1698476,6.43041,,9.01412,,Up,2
USDC,Dolomite,Lending,Arbitrum,1689399,7.28062,7.28062,11.23792,,Up,2
SUSDE-USDC,Balancer V2,Dexs,Ethereum,1678586,0.6638,0.6638,4.38081,,Up,2
USDC,Beefy,Yield Aggregator,Ethereum,1669801,6.20134,,9.82415,,Up,3
DAI-USDC-USDT,Convex Finance,Yield,Ethereum,1658027,0.64681,0.04,1.67607,0.60681,Up,3
SUSDE-USDC,Aura,Yield,Ethereum,1655715,12.37141,3.22003,11.29405,9.15138,Down,3
USDC,Folks Finance xChain,Lending,Avalanche,1638986,3.561,3.561,7.77007,,Up,3
USDC,Save,Lending,Solana,1625058,6.91,6.91,7.73056,,Up,3
USDT-USDC,Cellana Finance,Dexs,Aptos,1613647,4.20686,0,4.48389,4.20686,Up,1
USDC,Harvest Finance,Yield Aggregator,Base,1580165,3.84,3.84,8.51431,,Up,3
USDC-AVAIL,Aerodrome Slipstream,Dexs,Base,1562011,136.8774,,409.68335,136.8774,Down,3
USDC,AAVE V3,Lending,Optimism,1536825,2.14816,2.14816,3.5397,,Up,3
USDC,DeltaPrime,Leveraged Farming,Arbitrum,1533670,10.71669,10.71669,16.41804,,Up,3
FUSDC,Notional V3,Lending,Ethereum,1518372,10.92046,10.92046,10.58162,,Down,2
ZCHF-USDT,Uniswap V3,Dexs,Ethereum,1508494,0.32927,0.32927,0.24041,,Up,1
EUSD-USDC,Curve DEX,Dexs,Arbitrum,1507785,8.29712,0.2,9.7059,8.09712,Up,3
USDC-BOLD,Uniswap V3,Dexs,Ethereum,1476136,10.82133,10.82133,4.03773,,Down,3
DAI-USDC,Uniswap V2,Dexs,Ethereum,1471046,0.0298,0.0298,0.23997,,Up,2
PUSDT,Wing Finance,Lending,Ontology,1466526,0.00702,0,0.00814,0.00702,Up,3
USDC-EUSD,Aerodrome Slipstream,Dexs,Base,1464905,2.06933,,2.66711,2.06933,Up,2
USDT-USDC-DAI,DSF.Finance,Yield,Ethereum,1459845,10.5983,,12.30139,,Up,2
USDC-USDBC,Aerodrome Slipstream,Dexs,Base,1439888,0.84996,,1.0003,0.84996,Up,3
USDC,Save,Lending,Solana,1429927,1.41,1.41,2.62546,,Up,3
USDC,Beefy,Yield Aggregator,Optimism,1428529,3.54067,,4.81876,,Up,3
USDC,Exactly,Lending,Optimism,1426872,3.98981,3.98981,5.88958,,Up,2
USDC,Exactly,Lending,Optimism,1426872,5.16465,5.16465,5.12903,,Up,1
USDC,Exactly,Lending,Optimism,1426872,4.67129,4.67129,4.65572,,Up,2
USDC,Exactly,Lending,Optimism,1426872,3.30452,3.30452,4.22424,,Up,3
USDC,Exactly,Lending,Optimism,1426872,4.53694,4.53694,4.42631,,Up,2
USDC,Exactly,Lending,Optimism,1426872,5.39377,5.39377,5.42827,,Up,2
USDC,Exactly,Lending,Optimism,1426872,4.65325,4.65325,4.23704,,Up,1
USDC,Exactly,Lending,Optimism,1426872,5.31819,5.31819,4.73288,,Up,1
USDC,IPOR Fusion,Yield Aggregator,Base,1412565,7.17557,7.17557,9.36124,,Up,3
UUSDC,Morpho Blue,Lending,Base,1397671,0.00782,0.00782,8.1129,,Up,3
USDC,Extra Finance Leverage Farming,Leveraged Farming,Optimism,1396556,8.54954,7.30989,9.2685,1.23965,Up,3
USDT,Beefy,Yield Aggregator,Optimism,1393725,3.2449,,4.26598,,Up,3
USDC,Conic Finance,Yield,Ethereum,1360273,9.48394,3.04964,10.09858,6.43429,Up,1
PUSDC,Wing Finance,Lending,Ontology,1344243,0.18526,0,0.21455,0.18526,Up,3
USDC,AAVE V3,Lending,Polygon,1317294,3.18155,3.18155,3.5822,,Up,2
USDC-FUSDC,Uniswap V2,Dexs,Ethereum,1271904,0,0,0.00001,,,
SYRUPUSDC,Beefy,Yield Aggregator,Ethereum,1257595,12.25988,,16.42781,,Up,2
USD0-USDC,Uniswap V3,Dexs,Ethereum,1245301,21.54018,21.54018,41.95256,,,
USDC,IPOR Derivatives,Derivatives,Ethereum,1228449,12.03545,11.90363,9.45353,0.13182,Down,3
GMUSDC(WBTC),Umami Finance,Yield,Arbitrum,1220336,24.11,8,39.07724,16.11,Down,1
USDC,Yearn Finance,Yield Aggregator,Ethereum,1215782,5.16915,5.16915,5.90815,,Up,2
RE7USDT,Morpho Blue,Lending,Ethereum,1190198,5.23266,4.4484,8.64916,0.78427,Up,3
EUSD-USDC,Beefy,Yield Aggregator,Arbitrum,1167282,9.7198,,11.67886,,Up,3
PYUSD-USDC,Kamino Liquidity,Liquidity manager,Solana,1164772,0,0,0.51583,,,
9SUSDC11CORE,Morpho Blue,Lending,Ethereum,1158539,5.06643,4.27299,4.53728,0.79344,Down,1
USDC,SandClock,Yield,Ethereum,1150425,20.49944,5.49944,21.57374,15,Down,2
XAI-USDC,Uniswap V3,Dexs,Ethereum,1132698,1.23638,1.23638,2.34958,,Up,1
USDC,Harvest Finance,Yield Aggregator,Ethereum,1123252,4.33,4.33,5.28274,,Up,1
USDT.E,AAVE V2,Lending,Avalanche,1113992,0.28171,0.28171,0.49423,,Up,1
USDC.E,Silo V2,Lending,Sonic,1106135,4.92946,4.92946,4.43668,,,
USDC,Yearn Finance,Yield Aggregator,Ethereum,1100644,5.11769,5.11769,5.91856,,Up,2
USDC,Morpho Aave,Lending,Ethereum,1078033,5.32306,5.32306,8.42477,,Up,2
USDX-USDT,Curve DEX,Dexs,Ethereum,1076419,0,0,0.00717,,,
USDT,KiloEx,Derivatives,BSC,1074771,22.17,22.17,3.73197,,Down,3
9SUSDCCORE,Morpho Blue,Lending,Ethereum,1065516,5.06643,4.27299,5.98955,0.79344,Up,2
GTAUSDC,Morpho Blue,Lending,Ethereum,1056332,5.14308,4.59554,6.36591,0.54753,Up,2
USDC-USDC,ThalaSwap,Dexs,Aptos,1040637,0.26592,0.26592,0.84007,,,
USDX-USDT,Balancer V2,Dexs,Arbitrum,1036212,0.02136,0.02136,1.66504,,Up,3
USDC-USC,VVS Standard,Dexs,Cronos,1029782,5.63165,4.31325,4.19091,1.3184,Up,3
BBUSDT,Morpho Blue,Lending,Ethereum,1017780,2.10593,1.15668,4.7689,0.94925,Up,3
USDC-XUSD,Uniswap V3,Dexs,Ethereum,1010851,0,0,1.50754,,,
STATAPOLUSDCN-GYD,Balancer V2,Dexs,Polygon,1002392,0,0,0.06171,,,
USDC,IPOR Derivatives,Derivatives,Base,1001905,6.27714,6.19591,9.2493,0.08123,Up,1
USDC-USDT,Uniswap V3,Dexs,Polygon,1001316,7.56394,7.56394,7.98452,,Down,3
STATAAVAUSDC-GYD,Balancer V2,Dexs,Avalanche,1000510,0,0,0.00007,,,
USDT-USDF,Uniswap V3,Dexs,Ethereum,999618,0.09652,0.09652,0.13532,,Up,3
MIDASUSDC,Morpho Blue,Lending,Ethereum,994986,1.70935,0.82619,0.21259,0.88316,Up,1
USDC,Allbridge Classic,Bridge,Arbitrum,989503,0.07057,0.07057,0.10774,,Up,2
USDC-SUSD,Beefy,Yield Aggregator,Optimism,987461,4.72959,,13.74332,,Up,3
USDC,Blend Pools,Lending,Stellar,981686,14.69845,11.83656,14.27762,2.86189,Down,1
PINTO-USDC,Pinto,Algo-Stables,Base,962604,2.38,,2.32469,2.38,Up,1
USDC,Save,Lending,Solana,960473,6.18,6.18,7.33924,,Up,3
DUSDC,Pendle,Yield,Arbitrum,950585,9.00808,8.2985,10.39355,0.70958,Down,1
DUSDC,Pendle,Yield,Arbitrum,950585,8.53979,8.53979,8.87666,,Up,1
USDC,Vesper,Yield Aggregator,Optimism,949265,0.24,0.24,0.35702,,Up,3
USDT.E,Benqi Lending,Lending,Avalanche,948374,0.79886,0.79886,1.14158,,Up,3
USDT,EVAA Protocol,Lending,Ton,947833,4.11239,4.11239,5.86135,,Up,2
USDC,Hatom Lending,Lending,MultiversX,938575,12.80154,12.38527,20.07073,0.41627,Up,2
USDC,AAVE V2,Lending,Polygon,938185,0.00115,0.00115,0.0059,,,
GDAI-GUSDC-GFUSDT,Curve DEX,Dexs,Fantom,920285,0.11,0.11,0.11,,Up,2
USDT-USDT,Uniswap V3,Dexs,Avalanche,917485,0,0,0.01101,,,
USDC,Yearn Finance,Yield Aggregator,Ethereum,912180,4.16501,4.16501,4.69258,,Up,3
CDAI-CUSDC,Curve DEX,Dexs,Ethereum,911319,2.86625,2.84,4.90287,0.02625,Up,1
GHO-USDC,Uniswap V3,Dexs,Ethereum,892552,14.9858,14.9858,22.58385,,Down,3
USDC-GYD,Balancer V2,Dexs,Ethereum,890429,0.15988,0.15988,0.41865,,Up,3
USDT-GYD,Balancer V2,Dexs,Ethereum,889524,0.25452,0.25452,0.3159,,Up,1
M.USDC,AAVE V3,Lending,Metis,876185,4.98613,4.98613,4.98134,,Down,1
USDC,Liqwid,Lending,Cardano,859622,24.9346,23.0246,28.5759,1.91,Down,1
USDC,Seamless Protocol,Lending,Base,855201,5.7492,5.7492,7.73996,,Up,2
JUSDC,Jones DAO,Yield Aggregator,Arbitrum,849903,9.03803,9.03803,9.74055,,Down,2
USDC,Moonwell,Lending,Optimism,846434,4.46699,3.5073,6.39875,0.9597,Up,3
USDC,Beefy,Yield Aggregator,Avalanche,838287,0,,3.60878,,,
AUSDC,Pendle,Yield,Arbitrum,834330,4.28968,3.9973,4.88241,0.29237,Up,1
AUSDC,Pendle,Yield,Arbitrum,834330,5.83992,5.83992,5.51007,,Down,1
USDC-DOLA,Velodrome V2,Dexs,Optimism,822754,1.14628,,4.71361,1.14628,Up,3
USDC,Bagful,Yield Aggregator,Linea,792303,52.5,,52.5,,Down,3
USDT,Gearbox,Lending,Ethereum,790883,7.38101,6.51101,6.46238,0.87,Up,2
EUSD-USDC,StakeDAO,Yield,Ethereum,788953,13.53165,1.18,15.93011,12.35165,Up,2
USDT,IPOR Derivatives,Derivatives,Ethereum,776951,6.10863,5.80581,8.92282,0.30282,Up,3
USDT,NX Finance,Yield Aggregator,Solana,776843,5.67,5.67,11.85014,,Up,3
USDT,IPOR Fusion,Yield Aggregator,Ethereum,775632,6.97243,6.97243,8.99993,,Up,3
USDC.E,Silo V2,Lending,Sonic,767834,8.30224,8.30224,9.41905,,Up,2
USDC,Sturdy V2,Lending,Ethereum,763343,15.02985,0,24.41548,15.02985,Up,3
USDC,Vaultka,Yield,Solana,754302,4.97674,4.97674,17.73105,,Up,3
USDC,Harmonix Finance,Yield,Arbitrum,753696,1.38573,1.38573,3.50356,,Up,3
USDC,Balmy,DCA Tools,Base,749342,12.7348,4.33779,16.93672,8.39701,Down,1
USDC-USDT,ThalaSwap,Dexs,Aptos,748434,0.66906,0.66906,1.74169,,,
USDC,Gains Network,Derivatives,Polygon,744754,15.78949,15.78949,14.70582,,Down,2
ZUSDC,Merkle Trade,Derivatives,Aptos,718017,512.74717,512.74717,104.9365,,Down,3
USDT-USDC,Joe V2.1,Dexs,Avalanche,714578,10.17374,10.17374,14.07365,,Down,1
MOD-USDC,ThalaSwap,Dexs,Aptos,710756,0.50839,0.50839,0.62605,,,
USDC-USDT,Uniswap V3,Dexs,Base,709171,0,0,0,,,
MC.EUSDC,Morpho Blue,Lending,Ethereum,702527,1.84814,0.9342,9.02127,0.91394,Up,3
USDT,Yearn Finance,Yield Aggregator,Ethereum,699828,4.13213,4.13213,6.39633,,Up,3
USDC,Extra Finance Leverage Farming,Leveraged Farming,Base,696631,9.56193,7.13889,9.73821,2.42303,Up,2
USDC-USDT,Uniswap V3,Dexs,Optimism,690818,6.57211,6.57211,8.40715,,Up,3
USDC-USDT,Lynex V2,Dexs,Linea,687586,9.26797,9.26797,10.13861,,Down,1
USDC,AAVE V3,Lending,Arbitrum,683832,3.43652,3.43652,3.83983,,Up,2
USDT,Beefy,Yield Aggregator,Polygon,682919,5.25427,,6.64829,,Up,3
USDC,ZeroLend,Lending,Linea,675966,1.40783,1.40783,5.78982,,Up,3
USDT,Kinetic,Lending,Flare,675863,18.85773,5.96669,20.06798,12.89104,Up,2
USDC-MSUSD,Velodrome V2,Dexs,Optimism,673973,10.44949,,15.20703,10.44949,Up,2
FUSDT,Pendle,Yield,Ethereum,670546,8.52369,8.52369,10.64326,,Up,1
FUSDT,Pendle,Yield,Ethereum,670546,9.56991,6.52358,13.0395,3.04634,Down,2
USDC.E,Kinetic,Lending,Flare,665378,18.22621,7.29187,20.50743,10.93434,Down,1
USDC,Mars Lend,Lending,Neutron,662642,3.80098,3.80098,5.14441,,Up,2
GUSDC,Beefy,Yield Aggregator,Arbitrum,659289,18.58018,,12.98373,,Up,1
USDC-USDBC,Beefy,Yield Aggregator,Base,655336,9.96221,,12.68649,,Down,1
FUSDC,Notional V3,Lending,Ethereum,654334,10.81507,10.81507,10.6597,,Up,1
MULTIDAI-MULTIUSDC-MULTIUSDT,Curve DEX,Dexs,Kava,651334,0,0,0,,,
USDC,Thorchain,Dexs,Avalanche,645485,0,,0,,,
USDC,Stargate V1,Cross Chain Bridge,Optimism,637766,0,,0,,,
BDAI-BUSDC-BUSDT,Curve DEX,Dexs,Avalanche,635711,1.53514,1.53514,1.60922,,Up,1
USDC,Ensuro,Insurance,Polygon,626506,20.07772,20.07772,30.98091,,Down,1
USDC.E,Goat Protocol,Yield Aggregator,Arbitrum,624902,7.91296,,10.98206,,Up,3
USDC-HYUSD,Uniswap V3,Dexs,Base,621910,0,0,0,,,
USDC-WUSDM,Uniswap V3,Dexs,Optimism,620067,0,0,0,,,
USDC,IPOR Fusion,Yield Aggregator,Arbitrum,610397,7.47176,7.47176,9.10367,,Up,2
WSTUSDT,JustLend,Lending,Tron,606756,1.87993,1.87993,2.35768,,Down,2
USDT,Stargate V1,Cross Chain Bridge,Ethereum,605163,6.48456,,10.55683,6.48456,Down,1
USDC,ACryptoS,Liquidity manager,Optimism,600607,5.65,,10.25906,,Up,3
USDC-SUSD,Velodrome V2,Dexs,Optimism,600020,0.87301,,1.39042,0.87301,Up,3
MIM-USDT,Curve DEX,Dexs,Kava,594548,7.64114,0,7.98186,7.64114,Up,2
STEAKUSDCRWA,Morpho Blue,Lending,Base,591714,6.86038,6.26822,12.64576,0.59215,Down,1
USDC,Beefy,Yield Aggregator,Base,589364,6.35274,,9.77757,,Up,2
USDC,Ribbon,Options Vault,Ethereum,585762,12.0015,12.0015,12.0015,,Down,2
USX-USDC,Balancer V2,Dexs,Arbitrum,584563,0.10472,0.10472,0.18622,,Up,2
USDC-MSUSD,Velodrome V2,Dexs,Optimism,584373,11.85063,,20.86214,11.85063,Up,2
USDC,Nolus Protocol,Lending,Nolus,583157,0,0,9.32056,,,
USDC-USDT,StakeDAO,Yield,Ethereum,579909,9.50837,5.04,8.8571,4.46837,Down,2
USDC.E,Spark,Lending,Gnosis,574485,1.95853,1.95853,3.11931,,Up,2
USDCRWA,Morpho Blue,Lending,Ethereum,573197,0,0,0,,,
USDZ-USDC,Aerodrome Slipstream,Dexs,Base,571716,69.71293,,121.8522,69.71293,Down,3
IDAI-IUSDC-IUSDT,Convex Finance,Yield,Ethereum,571459,19.97,19.97,19.37009,,Down,2
AUSDC,Pendle,Yield,Sonic,569808,8.82077,8.82077,15.74231,,,
AUSDC,Pendle,Yield,Sonic,569808,7.95661,7.95661,7.71623,,,
USD0-USDT,Uniswap V3,Dexs,Ethereum,569566,11.9249,11.9249,24.53661,,Up,2
USDS-USDC,Aerodrome Slipstream,Dexs,Base,569178,2.63099,,2.87108,2.63099,Down,1
USDT,DeltaPrime,Leveraged Farming,Avalanche,564542,6.15569,6.15569,14.64087,,Up,2
USDC,Strike,Lending,Ethereum,562513,12.90141,9.66525,12.8552,3.23616,Down,1
USDC,Beefy,Yield Aggregator,Ethereum,553921,4.15183,,4.6755,,Up,2
USDZ-USDC,Aerodrome V1,Dexs,Base,553744,4.55212,,4.17488,4.55212,Up,3
USDC,Aries Markets,Lending,Aptos,547789,1.52933,1.52933,4.37763,,Up,3
ZUSDC,Aptin Finance V2,Lending,APTOS,544417,7.33297,4.38558,7.99532,2.94739,Up,2
USDC,Symbiosis,Cross Chain Bridge,Ethereum,538488,0,,0,,,
SUSDCY,Toros,Yield,Base,534513,3.28,,3.92906,,Up,2
USDC-USDT,Steer Protocol,Liquidity manager,Polygon,533290,2.59,2.59,2.96032,,Up,2
ZUSDT,Aries Markets,Lending,Aptos,528871,4.59768,4.59768,5.70401,,Up,2
USDT,BendDAO Lending,NFT Lending,Ethereum,526048,14.15725,14.15725,14.89958,,Down,3
USDC-USDT,Uniswap V3,Dexs,Polygon,517087,0,0,0,,,
MSUSD-USDC,Beefy,Yield Aggregator,Base,514270,10.45644,,15.86938,,Up,2
EUSDUSDC,Yearn Finance,Yield Aggregator,Ethereum,511711,14.75961,14.75961,17.26846,,Up,1
USDT,Strike,Lending,Ethereum,506506,13.08542,9.45235,12.80623,3.63307,Down,2
USDC,Mars Lend,Lending,Neutron,505197,0,0,4.89478,,,
FDUSD-USDT,Uniswap V3,Dexs,Ethereum,504399,0.00371,0.00371,0.19751,,,
AUSD-USDC,Uniswap V3,Dexs,Ethereum,502291,1.0219,1.0219,1.28643,,Down,2
USDT-USDT,Uniswap V3,Dexs,Polygon,500657,0,0,0,,,
USDT-USDC,Uniswap V3,Dexs,Avalanche,500603,3.05199,3.05199,7.34952,,Up,2
GMUSDC,Umami Finance,Yield,Arbitrum,500248,54.59,13.74,72.39124,40.85,Down,3
USDC,Nayms,Insurance,Ethereum,500000,12,,12,,Down,1
USDC.AXL-USDC,Astroport,Dexs,Neutron,499949,0,0,0,,,
CUSD-USDC,Uniswap V3,Dexs,Celo,496302,0.54268,0.54268,1.57147,,Up,3
USDC,IPOR Derivatives,Derivatives,Arbitrum,495424,8.86986,8.64133,9.76145,0.22853,Down,1
USDC-USDX,Uniswap V3,Dexs,Ethereum,487312,1.88471,1.88471,3.22716,,Up,3
USDC,maxAPY,Yield Aggregator,Polygon,485924,1.89171,1.89171,1.95824,,Up,3
USDC-SUSD,Uniswap V3,Dexs,Optimism,483800,0,0,0,,,
USDC.E-USDC,Joe DEX,Dexs,Avalanche,481784,4.4234,4.4234,1.56631,,Down,2
BBUSDC,Morpho Blue,Lending,Ethereum,481314,3.29378,2.40701,4.47964,0.88678,Up,2
ZCHF-USDT,Curve DEX,Dexs,Ethereum,479359,0.04,0.04,0.04274,,Up,1
EUSD-USDC,Beefy,Yield Aggregator,Ethereum,478947,17.57032,,12.55735,,Down,3
USDC,Blend Pools,Lending,Stellar,473688,13.70575,11.3107,14.05276,2.39505,Down,2
USDC-BTCUSD,Uniswap V3,Dexs,Base,471314,0,0,0,,,
USDT-GYD,Aura,Yield,Ethereum,468965,12.98397,0.45779,2.94338,12.52619,Up,2
USDT-USDC,Uniswap V3,Dexs,BSC,467958,0,0,0,,,
USDT,Sovryn Dex,Dexs,Rootstock,459561,0.0043,0.0043,0.23797,,,
M.USDT,AAVE V3,Lending,Metis,457891,4.36892,4.36892,6.45128,,Down,2
SDAI-STATAGNOUSDCE,Balancer V2,Dexs,Gnosis,455196,0,0,0.06679,,,
PUSDC,Notional V3,Lending,Ethereum,451628,5.74283,5.74283,7.38586,,Up,1
SDAI-STATAGNOUSDCE,Aura,Yield,Gnosis,445400,8.98999,,9.55982,8.98999,Down,2
FRAX-USDC,Uniswap V3,Dexs,Ethereum,443449,0,0,0.04376,,,
USDC-USX,Velodrome V2,Dexs,Optimism,429376,0.53495,,0.70208,0.53495,Up,2
USDC-USDC,Uniswap V3,Dexs,Polygon,421952,11.50191,11.50191,19.05444,,Down,2
SUSD-USDC,Beefy,Yield Aggregator,Optimism,421036,6.20714,,13.72184,,Up,2
USDC,AAVE V3,Lending,Linea,420264,1.87312,1.87312,1.89535,,,
USDT,Stargate V1,Cross Chain Bridge,BSC,419303,0,,0,,,
USDT,Stargate V1,Cross Chain Bridge,Avalanche,417699,0,,0,,,
USDC,Exactly,Lending,Optimism,416747,10.66865,10.66865,10.55153,,Up,2
USDC,Exactly,Lending,Optimism,416747,2.80404,2.80404,2.84685,,Up,2
USDC,Exactly,Lending,Optimism,416747,0,0,0,,,
USDC,Exactly,Lending,Optimism,416747,4.33245,4.33245,4.33277,,Up,2
USDC,Exactly,Lending,Optimism,416747,4.36311,4.36311,4.3632,,Down,1
USDC,Exactly,Lending,Optimism,416747,0,0,0,,,
USDC,Exactly,Lending,Optimism,416747,4.49407,4.49407,4.49424,,Up,2
USDC,Exactly,Lending,Optimism,416747,4.30347,4.30347,4.30447,,Up,2
USDT,dForce,Lending,Ethereum,410345,3.83592,3.83592,3.83592,,Up,1
DAI-USDC.E-USDT,Curve DEX,Dexs,Optimism,408925,0.72636,0.72,0.55316,0.00636,Up,1
STATAARBUSDT-GYD,Balancer V2,Dexs,Arbitrum,406287,6.31874,0.14972,7.9188,6.16902,Up,2
MUSD-USDT,Curve DEX,Dexs,Ethereum,403417,1.95,1.95,3.84346,,Up,1
USDC-CDXUSD,Balancer V2,Dexs,Base,402930,0.76081,0.76081,3.32745,,Up,2
DOLA-USDC,Extra Finance Leverage Farming,Leveraged Farming,Base,397752,2.65789,2.65789,5.59797,,Up,1
FUSDC,Pendle,Yield,Ethereum,396970,8.28789,8.28789,9.88843,,Up,1
FUSDC,Pendle,Yield,Ethereum,396970,7.49109,6.08057,10.25661,1.41052,Up,1
ULTRA-USDC,Curve DEX,Dexs,Ethereum,396798,0,0,0,,,
USDT,Hatom Lending,Lending,MultiversX,394685,11.02802,10.04859,19.10425,0.97943,Up,2
USDC,Stargate V1,Cross Chain Bridge,Polygon,394577,0,,0,,,
USDC,Clearpool Lending,Uncollateralized Lending,Ethereum,391610,0,0,0,,,
USDC-USDT,Uniswap V3,Dexs,Ethereum,385362,0,0,0.00182,,,
STATAAVAUSDC-GYD,Balancer V2,Dexs,Avalanche,381648,6.53517,0,8.61599,6.53517,Up,1
USDC.E,Silo V2,Lending,Sonic,380772,10.89524,10.89524,15.17441,,Down,1
USDC,Beefy,Yield Aggregator,Arbitrum,378006,0,,4.37269,,,
FRAX-USDC,Convex Finance,Yield,Ethereum,376933,13.54904,10.06,4.83426,3.48904,Down,2
USDT,Lendle,Lending,Mantle,376353,0.82229,0.82229,4.20064,,Up,3
USDT-USDC.E,Uniswap V3,Dexs,Arbitrum,375892,7.01023,7.01023,6.72712,,Down,2
USDC,Stargate V1,Cross Chain Bridge,Arbitrum,374412,0,,0,,,
USDT,Moonwell,Lending,Optimism,368882,3.83822,2.83357,5.91897,1.00465,Up,2
PAID-USDC,Uniswap V3,Dexs,Base,365945,0,0,0,,,
USDCEUR,Angle,CDP,Ethereum,364665,0,,0,,,
USDC-USDE,Curve DEX,Dexs,Arbitrum,364252,0.01,0.01,0.4909,,Down,1
DAI-USDT,Uniswap V3,Dexs,Polygon,361347,0,0,0,,,
USDC-USDT,SushiSwap,Dexs,Polygon,359674,1.31846,1.31846,0.10274,,Down,3
DEUSD-USDC,Uniswap V3,Dexs,Ethereum,354359,35.72703,35.72703,8.91814,,Down,3
USDC-AXLUSDC,Uniswap V3,Dexs,Polygon,349672,2.83446,2.83446,2.85634,,Up,2
FRXUSD-USDC,Curve DEX,Dexs,Fraxtal,349507,5.13392,0.08,7.80582,5.05392,Up,1
HUSDT,Morpho Blue,Lending,Ethereum,347129,2.57352,1.84286,5.64232,0.73066,Up,1
USDT-USDC-FDUSD,Ellipsis Finance,Dexs,BSC,345684,0,,0,,,
USDCE-USDT,Beefy,Yield Aggregator,Sonic,342606,10.36063,,13.76525,,Down,2
USDT-USDN,Curve DEX,Dexs,Ethereum,342175,374.45,374.45,16.36735,,Down,3
USDC.E-USDC,Uniswap V3,Dexs,Arbitrum,341777,3.05363,3.05363,9.31501,,Up,2
STEAKUSDTLITE,Morpho Blue,Lending,Ethereum,340376,3.98947,3.13905,6.23405,0.85042,Up,1
USDC-USDT,Cellana Finance,Dexs,Aptos,333688,0.50338,0,2.32242,0.50338,Up,3
USDCE-SCUSD,Beefy,Yield Aggregator,Sonic,332939,8.37261,,14.35719,,Up,1
USDT,Stargate V1,Cross Chain Bridge,Arbitrum,331735,0,,0,,,
USDC,AAVE V3,Lending,Gnosis,331013,4.88853,4.88853,5.44604,,Down,2
ZCHF-USDT,Uniswap V3,Dexs,Polygon,327447,0,0,0,,,
DAI-USDC,Curve DEX,Dexs,Fantom,325267,0.02,0.02,0.06392,,Up,2
USDC-LUSD,Velodrome V2,Dexs,Optimism,323424,6.86843,,7.49487,6.86843,Up,2
USDC-USDT,Gamma,Liquidity manager,Polygon,321427,0,0,1.04048,,,
STATAARBUSDCN-GYD,Balancer V2,Dexs,Arbitrum,321361,0.06311,0.06311,0.07545,,Up,1
GHO-USDC,Uniswap V3,Dexs,Arbitrum,319384,0,0,0,,,
USDC,Symbiosis,Cross Chain Bridge,Polygon,317690,0,,0,,,
USDC,Idle,Yield Aggregator,Ethereum,316717,3.99838,3.99838,421.89232,,Up,1
USDC,Idle,Yield Aggregator,Ethereum,316397,3.38858,3.38858,5.47814,,Up,2
USDE-USDC,Uniswap V3,Dexs,Ethereum,305810,26.04568,26.04568,37.63229,,Up,2
YUSD-USDC,Curve DEX,Dexs,Ethereum,304285,10.14,10.14,12.96454,,Down,1
USDC,Beefy,Yield Aggregator,Polygon,304026,0,,4.05033,,,
USDT,Beefy,Yield Aggregator,BSC,303928,0,,4.40786,,,
USDC-DAI,Uniswap V3,Dexs,Arbitrum,301667,11.1983,11.1983,6.90872,,Down,3
STATAARBUSDT-GYD,Aura,Yield,Arbitrum,299297,13.13411,,13.95812,13.13411,Up,3
USDT.KAVA,Mars Lend,Lending,Osmosis,297743,7.20218,7.20218,7.75363,,Down,1
XAI-FRAX-USDC,StakeDAO,Yield,Ethereum,297095,1.01,1.01,0.34253,,Up,2
USDT-USDE,Curve DEX,Dexs,Ethereum,296503,13.36241,5.33,10.11883,8.03241,Down,2
USDT,Beefy,Yield Aggregator,Polygon,294297,0,,4.40634,,,
USDC-AXLUSDC,Uniswap V3,Dexs,Optimism,293112,1.69132,1.69132,1.21238,,Up,3
USDC,YLDR,Lending,Arbitrum,292522,0.5841,0.5841,2.03435,,Up,2
LUSD-USDC,Uniswap V3,Dexs,Ethereum,289694,2.84145,2.84145,14.59557,,Up,1
USDT-BUSD,PancakeSwap AMM,Dexs,BSC,289406,1.5118,1.5118,1.5118,,Down,1
PYUSD-USDT,Kamino Liquidity,Liquidity manager,Solana,288059,2.20886,2.20886,5.59376,,Down,1
USDC-DYAD,Curve DEX,Dexs,Ethereum,287668,5.27,5.27,0.80711,,Down,2
USDC,Balmy,DCA Tools,Base,287207,13.05711,4.33779,16.73509,8.71932,Down,2
USDT,Spark,Lending,Ethereum,282897,3.32343,3.32343,5.27168,,Up,1
USDC-DAI,Uniswap V3,Dexs,Polygon,281955,0,0,0.00002,,,
LUSD-USDC,Aerodrome V1,Dexs,Base,278933,5.32353,,8.75822,5.32353,Up,2
XCUSDC,Moonwell,Lending,Moonbeam,278423,3.1537,1.79243,3.41434,1.36128,Up,2
USDC.E-PEUSD,Curve DEX,Dexs,Arbitrum,277381,0.05,0.05,0.19504,,Up,1
USDC,Stargate V1,Cross Chain Bridge,Ethereum,274435,0,,0,,,
USDC-USDT,Integral,Dexs,Ethereum,272621,2.94337,2.94337,7.72172,,Down,3
GHO-USDC-USDT,Beefy,Yield Aggregator,Ethereum,272163,4.23166,,6.00176,,Up,2
USDC,Stargate V1,Cross Chain Bridge,Avalanche,271722,0,,0,,,
USDC-AXLUSDC,Aerodrome Slipstream,Dexs,Base,271135,6.60239,,5.79629,6.60239,Up,1
BUSD-USDT-USDC-DAI,ACryptoS,Liquidity manager,BSC,271133,2.35,,3.73135,,Up,2
USDC-USDT,Beefy,Yield Aggregator,Base,270888,0.05127,,6.78971,,Up,1
USDC-HAI,Uniswap V3,Dexs,Optimism,269475,0,0,0,,,
USDC,Sherlock,Insurance,Ethereum,268631,10.50562,,10.55038,,Down,2
USDC,Pluto,Yield,Solana,262653,2.28494,2.28494,8.59566,,Up,2
USDC-DAI,Uniswap V3,Dexs,Polygon,260907,1.29576,1.29576,2.10222,,Up,3
DAI-USDC-USDT,Saddle Finance,Dexs,Ethereum,260460,0.37265,0.37265,0.37245,,Down,1
USDC,Beefy,Yield Aggregator,Arbitrum,260287,9.25656,,13.5036,,Up,2
USDC,Extra Finance Xlend,Lending,Optimism,259332,0.80554,0.80554,0.13999,,Down,2
USDT,Allbridge Classic,Bridge,Arbitrum,257495,0.05783,0.05783,0.10806,,Up,2
USDC-USDT,Uniswap V3,Dexs,Polygon,254347,2.7317,2.7317,3.63974,,Down,1
USDT,Hop Protocol,Cross Chain Bridge,Polygon,254133,2.44959,0.3579,2.84476,2.09169,Up,3
BUSD-USDT,MDEX,Dexs,BSC,253597,0.25457,0.00502,0.27002,0.24955,Up,1
USDT-USDT,Uniswap V3,Dexs,Optimism,253472,0,0,0.00823,,,
USDC-USDT,Kamino Liquidity,Liquidity manager,Solana,252919,1.22338,1.22338,4.91725,,Down,2
USDT-USDC,Web3.world,Dexs,Venom,251019,0.08031,0.08031,0.13851,,Up,1
USDC,Yearn Finance,Yield Aggregator,Arbitrum,250398,7.20968,7.20968,9.55176,,Up,3
FXUSDC,Morpho Blue,Lending,Ethereum,250222,10.43802,4.40387,9.74568,6.03415,Down,3
THUSD-DAI-USDC-USDT,Beefy,Yield Aggregator,Ethereum,248047,16.10691,,14.17648,,Down,3
DAI-USDC-USDT,Ferro,Dexs,Cronos,247331,1.88322,0.70406,2.23514,1.17916,Up,3
USDCE-SCUSD,Beefy,Yield Aggregator,Sonic,247231,10.39662,,14.63735,,Down,2
STATAARBUSDCN-STATAARBUSDT,Balancer V2,Dexs,Arbitrum,246557,0.3973,0.3973,0.54132,,Up,2
STATAARBUSDCN-GYD,Aura,Yield,Arbitrum,245699,8.06836,,11.83938,8.06836,Up,3
USDT,ACryptoS,Liquidity manager,Optimism,243068,4.68,,9.60011,,Up,3
SUSD-DAI-USDCE-USDT,Beefy,Yield Aggregator,Optimism,240288,9.06082,,8.29913,,Up,2
USDT,Francium,Yield,Solana,235736,16.49434,16.49434,16.49434,,Down,3
DAI-USDC-USDT,Harvest Finance,Yield Aggregator,Ethereum,234637,0.47,0.47,1.26572,,Up,3
YVUSDC,Abracadabra Spell,CDP,Ethereum,232419,0,,0,,,
USDC,Compound V3,Lending,Arbitrum,232075,2.72906,2.72906,3.35717,,Up,3
USDC,Extra Finance Leverage Farming,Leveraged Farming,Optimism,231953,5.05269,5.05269,8.63537,,Up,3
USDC,Symbiosis,Cross Chain Bridge,Boba_Bnb,231691,0,,0,,,
USDC-USDC,Velodrome V2,Dexs,Optimism,227991,3.10884,,4.01825,3.10884,Up,3
AUSDC,Pendle,Yield,Ethereum,225607,4.82314,4.17444,6.30843,0.6487,Down,1
AUSDC,Pendle,Yield,Ethereum,225607,6.05559,6.05559,8.3079,,Up,2
ALUSD-USDC,Beefy,Yield Aggregator,Optimism,222897,2.00293,,9.12942,,Up,3
STATAARBUSDCN-STATAARBUSDT,Aura,Yield,Arbitrum,221671,0,,0,,,
USDT,Spark,Lending,Gnosis,221585,2.74865,2.74865,4.02723,,Up,1
USDC-DAI,Steer Protocol,Liquidity manager,Polygon,219223,1.05,1.05,1.34379,,Up,2
USDT-USDC,PancakeSwap AMM,Dexs,BSC,216806,2.01104,2.01104,2.01104,,Up,1
USDC,Yearn Finance,Yield Aggregator,Arbitrum,213873,7.92154,7.92154,10.02449,,Up,2
USDC,Clearpool Lending,Uncollateralized Lending,Ethereum,213034,0,0,0,,,
USDT-USDC,Beefy,Yield Aggregator,BSC,212871,1.13278,,6.45842,,Up,2
USDC,Nimbora Yield,Yield,Starknet,212418,5.78662,5.78662,7.10035,,Up,2
USDT,Stargate V1,Cross Chain Bridge,Polygon,211728,0,,0,,,
USDT,ZeroLend,Lending,Linea,211030,1.90673,1.58084,5.09637,0.32589,Up,2
PYUSD-USDC,Convex Finance,Yield,Ethereum,207510,0.3,0.3,0.74375,,Up,2
USDC-USDM,Beefy,Yield Aggregator,Arbitrum,206437,9.35919,,6.57761,,Up,1
MIM-DAI-USDCE-USDT,Beefy,Yield Aggregator,Optimism,205532,9.74304,,10.75286,,Up,2
ELIXIRUSDC,Morpho Blue,Lending,Ethereum,204622,6.07291,5.6287,9.38253,0.44422,Up,2
INDEUSDC,Morpho Blue,Lending,Base,204595,11.55803,11.48804,12.37112,0.06999,Down,3
SUSDZUSDC,MAHA.xyz,CDP,Base,204256,11.03286,0,400.16648,11.03286,Down,2
USDT,Stargate V1,Cross Chain Bridge,Mantle,203115,0,,0,,,
USDZ-USDC,Beefy,Yield Aggregator,Base,203072,4.22147,,3.87556,,Up,2
DAI-USDT,Uniswap V3,Dexs,Polygon,202016,0,0,0,,,
USDL-USDT,Curve DEX,Dexs,Ethereum,201726,1.79,1.79,1.85064,,Up,3
USDC-BOB,Uniswap V3,Dexs,Polygon,201721,0.02348,0.02348,0.01171,,Up,3
USDD-USDT,Uniswap V3,Dexs,Ethereum,201129,0.00102,0.00102,8.29751,,,
USDC,Vesper,Yield Aggregator,Ethereum,200944,123.66,123.66,13.45019,,Down,3
STATABASUSDC-GYD,Balancer V2,Dexs,Base,200318,0.77376,0.77376,0.23897,,Down,2
LUAUSD-USDT,Uniswap V3,Dexs,Arbitrum,199912,0,0,0.14354,,,
WUSD-USDT,Curve DEX,Dexs,Ethereum,199856,0.12,0.12,0.00915,,Down,1
USDS-USDC,Uniswap V3,Dexs,Arbitrum,198299,0,0,0,,,
USDC-USDC,Uniswap V3,Dexs,Optimism,197553,2.76373,2.76373,4.14455,,Up,3
USDC-DAI,SushiSwap,Dexs,Polygon,197544,0.02023,0.02023,0.02671,,Up,1
USDD-USDC.E,Uniswap V3,Dexs,Arbitrum,194698,0,0,0.01889,,,
SUSDE-USDC,Beefy,Yield Aggregator,Ethereum,193580,12.63172,,17.67354,,Down,3
USDC-USDC-USDT-DAI,Aura,Yield,Optimism,193052,3.37752,,4.35672,3.37752,Up,3
USDC-AXLUSDC,Uniswap V3,Dexs,Avalanche,193015,3.79541,3.79541,4.18676,,Down,2
USDC,Ensuro,Insurance,Polygon,190418,0,0,6130.6373,,,
BOLD-USDC,Aerodrome V1,Dexs,Base,190044,11.28649,,7.89588,11.28649,Down,3
USDC-DAI,Gamma,Liquidity manager,Polygon,189519,0,0,1.75903,,,
USDC.E,Extra Finance Leverage Farming,Leveraged Farming,Optimism,189092,2.13019,2.13019,2.37179,,Up,2
USDC,Moonwell,Lending,Moonbeam,188685,3.63794,2.40031,5.16582,1.23763,Up,2
USDT-USDC,Beefy,Yield Aggregator,BSC,188297,5.10759,,6.36366,,Up,2
USDT-USDC,Beefy,Yield Aggregator,Avalanche,187885,1.70318,,9.47546,,Up,1
USDC,Allbridge Classic,Bridge,Polygon,187875,0.06959,0.06959,0.09966,,Up,3
USDT,Allbridge Classic,Bridge,Polygon,187806,0.06442,0.06442,0.09521,,Up,3
USDT,Cadabra Finance,Yield Aggregator,BSC,187605,23.2195,,22.02431,23.2195,Down,2
GUSD-USDC,Uniswap V3,Dexs,Ethereum,186272,1.05649,1.05649,6.05708,,Up,3
USDC,Harmonix Finance,Yield,Arbitrum,185435,3.13261,3.13261,2.60629,,Up,2
BOLD-USDC,Velodrome V2,Dexs,Optimism,184737,9.61204,,13.38536,9.61204,Up,2
PYTHUSDC,Morpho Blue,Lending,Base,182796,3.98443,3.07273,7.4108,0.91169,Up,2
CDAI-CUSDC,Convex Finance,Yield,Ethereum,182784,2.84,2.84,4.96165,,Up,2
DAI-USDT,Uniswap V3,Dexs,Ethereum,182602,4.40644,4.40644,10.01315,,Down,2
USDC,Lendle,Lending,Mantle,181743,1.80124,1.80124,3.18711,,Up,1
USDT,Hop Protocol,Cross Chain Bridge,Arbitrum,179364,3.82368,0.72599,4.46613,3.09769,Up,2
BOLD-USDC,Beefy,Yield Aggregator,Base,177304,10.8121,,7.51208,,Down,1
USDT-AUSD₮,Curve DEX,Dexs,Ethereum,176371,6.04076,1.03,6.38202,5.01076,Up,2
USDT,Harvest Finance,Yield Aggregator,Ethereum,171689,4.03,4.03,5.29304,,Up,2
USDC+-USD+,Aerodrome V1,Dexs,Base,169437,0.06515,,0.06277,0.06515,Down,1
USDC,ZeroLend,Lending,Ethereum,169094,6.3144,6.3144,16.25198,,Up,1
USDC-SUSX,Aerodrome Slipstream,Dexs,Base,167664,2.26124,,6.99465,2.26124,Up,2
OUSD-USDT,Uniswap V3,Dexs,Ethereum,167500,2.84472,2.84472,1.50366,,Down,2
USDT-AUSD₮,StakeDAO,Yield,Ethereum,165337,9.81868,0.41,12.98907,9.40868,Down,1
USDC-USDBC,Uniswap V3,Dexs,Base,164943,4.53852,4.53852,5.54229,,Down,3
USDT,Liqwid,Lending,Cardano,164884,26.96733,24.69733,28.05839,2.27,Down,2
YVUSDT,Abracadabra Spell,CDP,Ethereum,163866,0,,0,,,
YUSD-USDC-USDT,Curve DEX,Dexs,Avalanche,163734,0.16159,0.16159,0.16096,,Down,1
FRAX-USDT,Beefy,Yield Aggregator,BSC,161905,7.56912,,11.27902,,Up,1
USDT,Harvest Finance,Yield Aggregator,Arbitrum,160119,8.15,8.15,8.71916,,Up,2
DAI-USDT,Uniswap V3,Dexs,Arbitrum,159239,8.66967,8.66967,10.19365,,Up,3
USDC,YLDR,Lending,Polygon,158398,0.8533,0.8533,0.88869,,Up,2
USDC-USD+,Aerodrome V1,Dexs,Base,158283,4.77507,,6.37911,4.77507,Down,2
USDT,AAVE V3,Lending,Linea,157325,1.91443,1.91443,1.90053,,,
OUSDT-USDT,Velodrome V2,Dexs,Optimism,157100,29.43894,,35.53527,29.43894,Up,2
USDC,Cadabra Finance,Yield Aggregator,BSC,155938,21.6031,,21.99488,21.6031,Down,2
USDT.E-USDC,Joe V2.1,Dexs,Avalanche,154758,23.84196,23.84196,18.40824,,Down,2
USDT-USDC,GrizzlyFi Hives,Yield,BSC,154177,16.64198,16.64198,12.51663,,Down,3
USDC-GYD,Balancer V2,Dexs,Base,154017,2.82213,2.82213,1.2436,,Down,2
PUSDC,Notional V3,Lending,Arbitrum,152833,1.29358,1.29358,2.08144,,Up,3
ALUSD-FRAX-USDC,StakeDAO,Yield,Ethereum,152813,13.96145,0.84,17.07176,13.12145,Down,3
USDC,BiFi,Lending,Bifrost Network,150066,6.39195,6.39195,6.6427,,Down,2
EUSD-USDC,StakeDAO,Yield,Arbitrum,149522,10.79858,0.16,12.91431,10.63858,Up,2
USDT-USDC,Swop,Dexs,Unit0,149233,0.07098,0.07098,0.82319,,Up,3
USDC,Ensuro,Insurance,Polygon,147703,50.59164,50.59164,51.16038,,Down,2
USDC-DOLA,Beefy,Yield Aggregator,Optimism,147366,1.03539,,4.30778,,Up,2
MIM-USDT.E-USDC.E,Curve DEX,Dexs,Avalanche,145310,2.74779,2.74779,2.73975,,Down,1
USDE-USDC,Uniswap V3,Dexs,Base,142561,0,0,0,,,
USDT-USDC,Beefy,Yield Aggregator,Avalanche,142249,7.68064,,7.34654,,Up,1
USDS-USDC,Gamma,Liquidity manager,Arbitrum,141902,0,0,2.39816,,,
USDS-USDC,The Standard,CDP,Arbitrum,141902,14.35949,0,10.07926,14.35949,Down,2
USDC-USDT,Beefy,Yield Aggregator,Arbitrum,141580,1.44866,,3.32475,,Up,3
USDC-AXLUSDC,Uniswap V3,Dexs,Optimism,141254,0,0,0,,,
USDC,Symbiosis,Cross Chain Bridge,Boba,141002,0,,0,,,
DAI-USDT-USDC,Balancer V2,Dexs,Arbitrum,138444,0.3704,0.3698,0.52297,0.0006,Up,1
DOLA-FRAX-USDC,Beefy,Yield Aggregator,Ethereum,135489,7.01,,11.95925,,Up,1
NUSDC,Notional V3,Lending,Arbitrum,133468,3.43892,0.58682,5.31213,2.85211,Up,3
NUSDC,Notional V3,Lending,Arbitrum,133468,12.83448,0,15.37114,12.83448,Up,2
USDC,Beefy,Yield Aggregator,Arbitrum,132787,9.67313,,14.30433,,Up,2
USDE-USDTB,Curve DEX,Dexs,Ethereum,132336,0.41,0.41,0.27114,,Down,1
DAI-USDC,Integral,Dexs,Ethereum,132198,0,0,0,,,
USDC.E,Allbridge Classic,Bridge,Polygon,130486,0.06875,0.06875,0.10946,,Up,2
GYD-STATAGNOUSDCE,Balancer V2,Dexs,Gnosis,129578,0,0,0,,,
AUSDT,Pendle,Yield,Ethereum,128994,8.46994,8.46994,8.16564,,Down,2
AUSDT,Pendle,Yield,Ethereum,128994,5.01151,4.4224,7.23195,0.5891,Down,2
USDC-FLOAT,Arrakis V1,Liquidity manager,Ethereum,127790,0,0,0,,,
USDT-USDC,Cadabra Finance,Yield Aggregator,BSC,127435,25.025,,24.66035,25.025,Down,2
PUSDT,Notional V3,Lending,Ethereum,127382,0.73366,0.73366,1.33502,,Up,3
USDC,AAVE V3,Lending,Ethereum,125696,2.36562,2.36562,4.29912,,Up,2
USDC-USDT-OMUSD,Curve DEX,Dexs,Ethereum,125478,0.14,0.14,0.15963,,Down,1
USDC,Minterest,Lending,Mantle,123843,2.14802,2.14802,4.03401,,Up,2
XCUSDT,Moonwell,Lending,Moonbeam,123784,4.08331,2.75326,4.48026,1.33006,Up,2
USDT-BUSD,Uniswap V3,Dexs,BSC,123579,0,0,0,,,
MIM-FUSDT-USDC,Curve DEX,Dexs,Fantom,122804,0.24,0.24,0.21171,,Up,2
STATAPOLUSDT-GYD,Balancer V2,Dexs,Polygon,122593,13.92176,0.05682,15.80958,13.86495,Up,3
FRAX-USDC,Uniswap V2,Dexs,Ethereum,121146,0,0,0.17223,,,
XAI-USDC,Balancer V2,Dexs,Ethereum,120812,0,0,0.56189,,,
FRAX-USDC,Saddle Finance,Dexs,Ethereum,120757,0.11023,0.11023,0.11034,,Up,2
USDC,Harvest Finance,Yield Aggregator,Base,120146,8.74,8.74,8.8964,,Down,2
USDC,Nayms,Insurance,Ethereum,120000,0,,0,,,
USDA-USDC,Uniswap V2,Dexs,Ethereum,119550,0,0,0,,,
MSUSD-USDCE,Beefy,Yield Aggregator,Optimism,118909,10.39666,,17.41447,,Up,3
USDCE-SCUSD,Beefy,Yield Aggregator,Sonic,118830,8.30824,,14.35029,,Down,2
USDC,Beefy,Yield Aggregator,Base,118687,7.16989,,9.54069,,Up,1
USDT,Minterest,Lending,Mantle,118452,2.21427,2.21427,4.28094,,Up,3
LUSD-USDC,Beefy,Yield Aggregator,Base,118036,4.95862,,8.28723,,Up,2
GYD-STATAGNOUSDCE,Aura,Yield,Gnosis,117713,11.23627,,12.66926,11.23627,Down,1
DAI-USDC-USDT-SUSD,Convex Finance,Yield,Ethereum,117326,0.98,0.98,0.2938,,Up,2
USDC-USDBC,Aerodrome V1,Dexs,Base,116635,0.62733,,1.07706,0.62733,Up,3
USDC,Harvest Finance,Yield Aggregator,Base,114575,9.77,9.77,8.80315,,Down,3
FRAX-USDT,Uniswap V3,Dexs,Arbitrum,112505,7.38565,7.38565,9.50376,,Down,3
USDS-USDC.E,Uniswap V3,Dexs,Arbitrum,110412,0.10751,0.10751,0.62085,,Up,1
USDT-AUSD₮,Convex Finance,Yield,Ethereum,110365,10.48498,1.03,13.32948,9.45498,Down,1
USDC,Harvest Finance,Yield Aggregator,Arbitrum,109581,6.48,6.48,9.95605,,Up,1
USDC-EUSD,Beefy,Yield Aggregator,Base,109543,3.67359,,4.67972,,Up,2
FUSDC,Notional V3,Lending,Arbitrum,108744,4.34447,4.34447,6.67895,,Up,1
USDC-USDT,Uniswap V3,Dexs,Optimism,108743,2.63731,2.63731,4.57258,,Up,2
USDT-DAI,Uniswap V3,Dexs,Optimism,108722,6.23346,6.23346,15.62072,,Up,2
USDT,Harvest Finance,Yield Aggregator,Arbitrum,108216,7.39,7.39,9.01515,,Up,2
ZUSDC,Meso Finance,Lending,Aptos,107990,3.44453,3.44453,7.12026,,Up,2
FUSDT,Notional V3,Lending,Ethereum,107865,0.02907,0.02907,2.41571,,Up,3
USDC-LUSD,Beefy,Yield Aggregator,Optimism,107777,6.36932,,7.06391,,Up,3
USDC-USDT,Beefy,Yield Aggregator,Optimism,107638,1.00191,,5.62149,,Up,2
USDC,Sturdy V2,Lending,Ethereum,107449,21.38939,0.0342,30.19915,21.35519,Up,1
USDC-ERN,Uniswap V3,Dexs,Optimism,106824,0.57725,0.57725,0.70321,,Up,1
USDC.E-USDC,Joe V2.1,Dexs,Avalanche,106203,2.00772,2.00772,5.54463,,Up,3
USDC-SUSX,Balancer V2,Dexs,Arbitrum,106169,0.10001,0.10001,0.03641,,Down,1
USDC-USDC.E0.01%,Teahouse Permissionless,Liquidity manager,Optimism,105487,2.74204,2.74204,2.2766,,Up,2
AUSD-USDC,Joe V2.1,Dexs,Avalanche,104939,3.64185,3.64185,1.46873,,Down,3
USDC,Yearn Finance,Yield Aggregator,Ethereum,104586,4.57547,4.57547,3.85361,,Down,1
USDH-USDT,Kamino Liquidity,Liquidity manager,Solana,104501,0,0,0.71572,,,
USDC-JWLUSD,Ashswap,Dexs,MultiversX,104449,6.11551,0.18267,6.83227,5.93284,Down,2
USDC,Clearpool Lending,Uncollateralized Lending,Base,103229,164507.3273,13.5,287222.8284,164493.8273,Down,3
USDC,Compound V3,Lending,Arbitrum,102753,0,,0,,,
USDT-USDE,Convex Finance,Yield,Ethereum,102680,15.05477,5.33,11.83937,9.72477,Down,1
ZUSDC,Echelon Market,Lending,Aptos,102456,7.51826,7.51826,8.5261,,,
USDC,Goat Protocol,Yield Aggregator,Arbitrum,101892,7.5093,,9.16613,,Up,1
USDC,Compound V3,Lending,Optimism,101887,0,,0,,,
USDC-GYD,Balancer V2,Dexs,Arbitrum,101811,1.27823,1.27823,3.41223,,Up,3
USDC,Radiant V2,Lending,Base,101316,5.32111,5.32111,8.25853,,Down,1
USDT-USDC,Joe V2,Dexs,Arbitrum,101302,0.34047,0.34047,0.7635,,Down,1
USDC,Single Finance,Leveraged Farming,Cronos,101217,7.82605,7.77423,5.29698,0.05181,Down,2
USDC-BUSD,PancakeSwap AMM,Dexs,BSC,101208,0.60255,0.60255,0.60255,,Up,2
USDT,Cadabra Finance,Yield Aggregator,Arbitrum,100316,15.7356,,17.7906,15.7356,Up,1
USDC.E,Goat Protocol,Yield Aggregator,Sonic,100031,9.10004,,8.78062,,,
USDC-BOB,Uniswap V3,Dexs,Optimism,99948,0.00044,0.00044,0.02242,,,
USDC.E,Silo V2,Lending,Sonic,99916,0,0,0,,,
FRAX-USDC.E,Curve DEX,Dexs,Arbitrum,99857,0.64,0.64,1.00407,,Down,1
USDT,dForce,Lending,BSC,99523,15.91236,15.91236,15.91236,,Down,3
USDT,Beefy,Yield Aggregator,Arbitrum,98928,0,,4.03251,,,
USDT,AAVE V3,Lending,zkSync Era,98799,3.50446,3.50446,4.86316,,Up,1
CUSD-DAI-USDC,Curve DEX,Dexs,Fantom,96905,0,0,0.00752,,,
USDT.E,Aurigami,Lending,Aurora,96527,0.62784,0.62784,0.71774,,Up,3
USDC-USDT,Persistence DEX,Dexs,Persistence,95009,10.69772,0.32495,11.25918,10.37277,Down,2
USDT,EVAA Protocol,Lending,Ton,94358,3.35352,3.35352,5.26844,,Down,2
USDT,Idle,Yield Aggregator,Ethereum,94227,2.53592,2.53592,4.90561,,Up,2
USDC,KiloEx,Derivatives,Taiko,94108,1.24,1.24,0.84933,,Up,2
USDC,MakerDAO,CDP,Ethereum,92976,0,,0,,,
USDC.E-USDT,Clip Finance,Liquidity manager,Linea,92514,1.03,,1.55241,,Up,2
YDAI-YUSDC-YUSDT-YBUSD,Curve DEX,Dexs,Ethereum,91781,0.00436,0,0.22992,0.00436,,
STATAPOLUSDCN-PAUSD,Balancer V2,Dexs,Polygon,91160,8.03671,0,14.25844,8.03671,Up,2
USDC-USDT,Beefy,Yield Aggregator,Arbitrum,91128,2.5742,,6.35605,,Up,2
STATAPOLUSDCN-PAUSD,Aura,Yield,Polygon,91073,15.84103,,20.15749,15.84103,Up,2
USDT,Hop Protocol,Cross Chain Bridge,Optimism,90751,4.19938,0.03451,5.78937,4.16487,Up,2
USDC-USDT,Steer Protocol,Liquidity manager,Polygon,90450,2.07,2.07,1.87437,,Up,2
USDC-USD+,Uniswap V3,Dexs,Arbitrum,90403,0,0,0,,,
BOLD-USDC,Convex Finance,Yield,Ethereum,89798,2.58,2.58,1.36197,,Down,3
USDC-USDT,Beefy,Yield Aggregator,Arbitrum,89736,1.51539,,2.58077,,Up,2
USDT-LUSD,Velodrome V2,Dexs,Optimism,88964,5.506,,7.93828,5.506,Up,2
GYD-USDT,Balancer V2,Dexs,Base,88279,0.00172,0.00172,0.2752,,,
USDT-USC,VVS Standard,Dexs,Cronos,87046,21.52865,5.93165,16.38166,15.597,Down,1
USDC-USDC,Steer Protocol,Liquidity manager,Polygon,86082,0.41,0.41,0.4664,,Down,1
USDC,Harvest Finance,Yield Aggregator,Base,85579,7.22,7.22,10.27035,,Down,2
USDT,Wing Finance,Lending,Ethereum,83925,1.18519,1.16264,1.14712,0.02255,Down,2
USDC,Compound V3,Lending,Base,83667,0,,0,,,
USDC-USDT,Ashswap,Dexs,MultiversX,83604,21.44741,16.39372,20.02284,5.05369,Down,3
USDC,Harmonix Finance,Yield,Ethereum,83482,11.37756,11.37756,8.26337,,Down,3
USDC-DAI,Uniswap V3,Dexs,Optimism,83303,5.23521,5.23521,10.09909,,Up,2
USDT,Yama Finance,CDP,Arbitrum,81323,0,0,0,,,
USDC-DAI,Uniswap V3,Dexs,Optimism,80395,3.82094,3.82094,5.16237,,Up,1
USDC-SUUSD,Aerodrome V1,Dexs,Base,79528,7.04951,,8.58433,7.04951,Up,2
M.USDC-M.USDT,Beefy,Yield Aggregator,Metis,77887,4.22628,,5.88225,,Down,1
USDC-GYD,Aura,Yield,Ethereum,77193,14.30813,0.01296,3.12439,14.29517,Down,3
USDC-USDT,MDEX,Dexs,BSC,76445,5.51681,0.00987,5.53198,5.50694,Down,2
USDC,ACryptoS,Liquidity manager,BSC,75763,4.23,,6.84642,,Down,1
USDT-USDC,Beefy,Yield Aggregator,BSC,75567,1.03157,,6.33978,,Up,2
NUSDT,Notional V3,Lending,Ethereum,75380,0.66488,0.66488,1.39883,,Up,2
NUSDT,Notional V3,Lending,Ethereum,75380,2.89022,2.89022,5.46395,,Up,2
USDT,Beefy,Yield Aggregator,Optimism,75126,0,,4.64824,,,
FUSDC,Notional V3,Lending,Arbitrum,74206,2.8695,2.8695,7.15935,,Up,2
USDC,Yearn Finance,Yield Aggregator,Arbitrum,73209,8.29542,8.29542,10.94695,,Up,2
FRAX-USDT,Beefy,Yield Aggregator,Arbitrum,72960,4.67666,,7.64698,,Down,2
USDC,SmartCredit,Lending,Ethereum,72938,10.73,6.49,10.87367,4.24,Down,1
USDC.E-USDT,Clip Finance,Liquidity manager,Linea,71939,10.64,,10.33306,,Up,1
USDC-USDT,Lynex V2,Dexs,Linea,71921,8.43472,8.43472,7.908,,Up,1
USDT,KiloEx,Derivatives,Bsquared,71902,1.58,1.58,5.49896,,Up,3
DAI-USDC.E,Uniswap V3,Dexs,Arbitrum,70907,1.31383,1.31383,2.6706,,Down,1
USDT,Folks Finance Lending,Lending,Algorand,70833,0.1,0.1,0.412,,Up,3
USDC,Save,Lending,Solana,70095,0.32,0.32,0.3164,,Up,2
USDT,Beefy,Yield Aggregator,Avalanche,69048,0,,3.84341,,,
USDC,Beefy,Yield Aggregator,Optimism,68384,0,,4.40906,,,
USDC,Impermax Finance,Lending,Ethereum,67772,0.00002,0.00002,0.00002,,,
USDC,Spark,Lending,Gnosis,67682,2.63996,2.63996,2.8185,,Down,1
USDY-USDC,Kamino Liquidity,Liquidity manager,Solana,66788,0,0,0,,,
DAI-USDC,Aerodrome V1,Dexs,Base,66462,7.12381,,3.48826,7.12381,Down,1
USDC,Radiant V1,Lending,Arbitrum,64591,1.58059,1.17345,1.57905,0.40714,Up,1
USDC-USDT.E,Uniswap V3,Dexs,Avalanche,64579,293.94211,293.94211,130.96541,,Down,3
USDC-DAI-USDT-USDC,Balancer V2,Dexs,Arbitrum,64500,1.86666,1.86666,2.00555,,Up,2
USDS-USDC,Kamino Liquidity,Liquidity manager,Solana,64387,0,0,0.99139,,,
IONICUSDC,Morpho Blue,Lending,Base,63592,5.01181,4.46217,8.61961,0.54965,Up,2
SYRUPUSDC,Beefy,Yield Aggregator,Ethereum,62991,12.30487,,16.85254,,Down,2
APUSDC-USDC,Ashswap,Dexs,MultiversX,62740,1.32801,0,383.32164,1.32801,Up,1
USDC,Dolomite,Lending,Arbitrum,62287,9.66109,9.66109,14.16944,,Up,2
DAI-USDC,Uniswap V3,Dexs,Base,62190,5.10974,5.10974,4.41904,,Down,3
USDT-USDC.E,Uniswap V3,Dexs,Arbitrum,61801,1.12147,1.12147,1.21593,,Down,1
USDC-SUSD,Extra Finance Leverage Farming,Leveraged Farming,Optimism,61136,5.21548,5.21548,15.18833,,Up,3
USDC,Beefy,Yield Aggregator,Linea,61072,3.48538,,6.66398,,Up,1
USDC-USDC,Cadabra Finance,Yield Aggregator,Arbitrum,60912,19.6316,,19.17702,19.6316,Down,2
USDC,Compound V3,Lending,Scroll,60899,2.739,2.739,3.85058,,Up,1
USDCE-SCUSD,Beefy,Yield Aggregator,Sonic,60572,6.41839,,8.7118,,Up,1
USDC-USDC.E,GMX V2 Perps,Derivatives,Arbitrum,60555,0.30653,0.30653,0.27095,,Up,2
DAI-USDT,Uniswap V3,Dexs,BSC,59304,0,0,0,,,
USDC-DAI,ApeSwap AMM,Dexs,Polygon,59180,0.00096,0.00096,0.00337,,,
UXD-USDC,Kamino Liquidity,Liquidity manager,Solana,58890,0,0,0,,,
USDC-USDC,Cellana Finance,Dexs,Aptos,58736,1.87798,0,1.87574,1.87798,Up,2
USDC,Yearn Finance,Yield Aggregator,Ethereum,58275,5.50148,5.50148,6.00106,,Down,1
USDC,Beefy,Yield Aggregator,Ethereum,58081,0,,3.76557,,,
USDC,Affine DeFi Earn,Yield Aggregator,Polygon,57872,6.56932,6.56932,4.54254,,Down,2
USDC.E-USDT,Clip Finance,Liquidity manager,Linea,57664,0,0,0,,,
USDC-AXLUSDC,Steer Protocol,Liquidity manager,Polygon,57150,1.76,1.76,1.76,,Down,1
EUSD-USDC,Beefy,Yield Aggregator,Arbitrum,56463,0,,0,,,
USDC-DAI,Gamma,Liquidity manager,Polygon zkEVM,56077,0.00886,0.00886,0.00903,,Up,2
LUSD-USDT,Beefy,Yield Aggregator,Optimism,55976,5.07544,,7.42291,,Up,3
USDC.E,Extra Finance Leverage Farming,Leveraged Farming,Optimism,55723,9.25973,9.25973,10.53756,,Up,3
USDT-USDE,StakeDAO,Yield,Ethereum,55684,6.88521,3.52,5.64208,3.36521,Down,3
CDAI-CUSDC-USDT,Curve DEX,Dexs,Ethereum,55608,2.67344,2.55,3.37036,0.12344,Down,1
EUSD-USDC,Beefy,Yield Aggregator,Base,55465,0,,5.55707,,,
USDT,ZeroLend,Lending,Ethereum,55267,3.43126,3.43126,10.54798,,Up,1
USDC.E,Aloe,Lending,Arbitrum,54984,0,0,0.00005,,,
USDC-NEXTUSDC,Connext,Bridge,Linea,54506,0.1504,0.1504,0.81719,,Up,2
USDC-USDT,Kamino Liquidity,Liquidity manager,Solana,54406,0,0,1.64887,,,
USDC-USDCE-USDT-DAI,Beefy,Yield Aggregator,Optimism,53929,4.66697,,5.84924,,Up,3
USDC-USDC.E,GMX V2 Perps,Derivatives,Avalanche,53622,0.04478,0.04478,0.06063,,Down,1
USDC,Ionic Protocol,Lending,Base,53295,28.51676,1.19676,16.80602,27.32,Down,3
USDC-USDGLO,Uniswap V3,Dexs,Polygon,53083,0,0,0,,,
USDT-MONEY,Curve DEX,Dexs,Optimism,52691,2.48,2.48,1.41997,,Down,3
USDT,Save,Lending,Solana,52099,0,0,0,,,
TUSD-USDC.E,Uniswap V3,Dexs,Arbitrum,52088,0,0,0.00018,,,
USDC.E,Benqi Lending,Lending,Avalanche,51967,7.86942,7.86942,8.29092,,Down,2
USDGLO-USDC,Uniswap V3,Dexs,Arbitrum,51877,0,0,0,,,
FUSDT,Notional V3,Lending,Ethereum,51497,3.2666,3.2666,1.74404,,Down,1
USDT,ACryptoS,Liquidity manager,BSC,51398,5.03,,6.18184,,Up,2
USDC,Arcadia V2,Leveraged Farming,Base,51108,7.8565,7.8565,5.24825,,Down,3
AXLUSDC-USDT,Beefy,Yield Aggregator,BSC,50562,6.15322,,8.06106,,Down,3
FRAX-USDT,Uniswap V3,Dexs,Optimism,50420,25.14944,25.14944,27.20123,,Down,2
USDC,YLDR,Lending,Arbitrum,50317,0.10421,0.10421,3.48074,,Up,3
USDC-WUSDM,Gamma,Liquidity manager,Manta,50312,1.61613,1.61613,1.39495,,Up,1
USDC-WUSDM,Gamma,Liquidity manager,Manta,50239,1.67463,1.67463,1.39441,,Up,1
USDC,Prime Protocol,Lending,Polygon,50128,0.81651,0.81651,2.30136,,Up,1
USDE-USDC,GMX V2 Perps,Derivatives,Arbitrum,50038,0.93242,0.93242,0.98567,,Up,1
FRAX-USDC,Velodrome V2,Dexs,Optimism,50005,2.40926,,6.39071,2.40926,Up,2
USDT-USDT,Curve DEX,Dexs,Ethereum,49860,0,0,0,,,
USDT.E-USDC,Joe V2.1,Dexs,Avalanche,49113,23.96769,23.96769,10.32409,,Down,3
USDC-USDT,GMX V2 Perps,Derivatives,Arbitrum,49047,6.49749,6.49749,3.89372,,Down,3
USDC,Yearn Finance,Yield Aggregator,Base,48510,4.94098,4.94098,7.82014,,Up,2
USDC,Wise Lending V2,Lending,Ethereum,48350,0.64558,0.64558,3.52025,,Up,3
STATAARBUSDTN-GYD,Beefy,Yield Aggregator,Arbitrum,47734,14.91886,,16.3007,,Up,1
USDT,Morpho Aave,Lending,Ethereum,47563,8.59877,8.59877,11.65736,,Down,2
USDT,Clip Finance,Liquidity manager,Linea,47560,2.99,,6.03894,,Up,1
USDT,Vaultka,Yield,Solana,47496,18.71472,18.71472,19.69034,,Down,2
USDC-USDC,Camelot V2,Dexs,Arbitrum,47427,0.65928,0.65928,0.55169,,Down,1
USDC-ALUSD,Uniswap V3,Dexs,Arbitrum,46390,0,0,0,,,
USDC-YUSD,Curve DEX,Dexs,Arbitrum,46053,8.21,8.21,10.7665,,Up,2
USDCE,Harvest Finance,Yield Aggregator,Arbitrum,45695,1.89,1.89,3.34845,,Up,2
DAI-USDC.E,Uniswap V3,Dexs,Arbitrum,45289,4.89084,4.89084,6.14877,,Down,1
LISUSD-USDT,StakeDAO,Yield,BSC,44829,0.00074,0.00074,16.31022,,,
USDC-MONEY,Curve DEX,Dexs,Optimism,44546,1.27,1.27,1.53346,,Down,3
USDT.E-USDT,Joe V2.1,Dexs,Avalanche,44544,15.53004,15.53004,14.71965,,Down,2
USDT,Morpho Compound,Lending,Ethereum,44470,3.61192,3.61192,6.0001,,Down,1
USDC,Stargate V1,Cross Chain Bridge,Mantle,43996,0,,0,,,
USDC-USDGLO,Uniswap V3,Dexs,Optimism,43377,0,0,0,,,
USDC.E,Harvest Finance,Yield Aggregator,Arbitrum,43291,8.53,8.53,11.887,,Up,2
USDC-DAI.E,Uniswap V3,Dexs,Avalanche,43273,108.054,108.054,19.12161,,Down,3
USDC-USDT,Beefy,Yield Aggregator,Arbitrum,43026,7.138,,6.24431,,Down,2
USDC-DAI,Uniswap V3,Dexs,Polygon,42880,0.05458,0.05458,0.34454,,Up,2
USDT-FDUSD,Uniswap V3,Dexs,BSC,42855,0,0,0,,,
USDE-USDT,Uniswap V3,Dexs,Arbitrum,42435,1.61584,1.61584,6.01928,,Down,1
USDM-USDC,Uniswap V3,Dexs,Celo,41854,0,0,0,,,
RAI-USDC,Uniswap V3,Dexs,Polygon,40825,1.19391,1.19391,13.69716,,Up,1
USDC.E-USDT.E,Joe DEX,Dexs,Avalanche,40725,0.55323,0.55323,1.31837,,Down,2
USDC,Starlay Finance,Lending,Astar,40690,2.54016,2.54016,4.61572,,Down,2
USDC-DAI,StakeDAO,Yield,Arbitrum,40018,77.34361,3.44447,81.04327,73.89914,Down,2
YUSD-USDT,Curve DEX,Dexs,Ethereum,39959,0,0,0.05343,,,
LISUSD-USDT,Beefy,Yield Aggregator,BSC,39928,0.26761,,3.31839,,Up,2
VCHF-USDC,Uniswap V3,Dexs,Arbitrum,39841,0,0,0,,,
USDC,Harvest Finance,Yield Aggregator,zkSync Era,39812,6.14,6.14,28.67499,,Down,1
ZUSDT,Echelon Market,Lending,Aptos,39754,7.27728,7.27728,7.84864,,,
USDC-USDC,Gamma,Liquidity manager,Polygon,39748,0,0,0.36364,,,
USDC.E,Harvest Finance,Yield Aggregator,zkSync Era,39707,11.38,11.38,13.1263,,Down,1
USDC-FRAX,Uniswap V3,Dexs,Avalanche,39094,17.04632,17.04632,14.09634,,Down,1
DAI-USDT,Uniswap V3,Dexs,BSC,38908,0,0,0,,,
USDT,Hop Protocol,Cross Chain Bridge,Gnosis,38775,4.17016,1.97408,5.14656,2.19608,Up,1
USDC,ParaSpace Lending V1,Lending,Ethereum,38515,0,0,0,,,
USDC-USDT,Uniswap V3,Dexs,Arbitrum,38417,38.39127,38.39127,10.29017,,Down,3
DOLA-USDC,Balancer V2,Dexs,Arbitrum,38215,0.04494,0.04494,0.16378,,Up,1
DAI-USDC-USDT,Balancer V2,Dexs,Ethereum,38172,2.33375,2.33375,2.67164,,Down,2
USDC-DOLA,Extra Finance Leverage Farming,Leveraged Farming,Optimism,37774,1.13522,1.13522,4.71936,,Up,3
FRXUSD-USDC,Beefy,Yield Aggregator,Fraxtal,37653,6.11334,,10.20202,,Down,1
CSUSDC,Morpho Blue,Lending,Ethereum,37372,0,,0,,,
DOLA-USDC,Aura,Yield,Arbitrum,37219,0,,0,,,
USDC-USDT,zkSwap V2,Dexs,zkSync Era,36936,0.3192,0.3192,0.25089,,Down,1
USDC-USDT,Alpaca Leveraged Yield Farming,Leveraged Farming,BSC,36643,15.83019,,15.69369,,Down,3
USDC,ZeroLend,Lending,zkSync Era,36633,7.71166,7.71166,5.99921,,Down,3
ZUSDC-ZUSDT,LiquidSwap,Dexs,Aptos,36523,538.54146,,630.44921,,Down,3
FRAX-USDC,Uniswap V3,Dexs,Ethereum,36281,0.30194,0.30194,0.04773,,Down,1
USDA-USDC,Aerodrome V1,Dexs,Base,36129,3.16837,,6.55794,3.16837,Down,3
FRXUSD-USDT,Beefy,Yield Aggregator,Fraxtal,35807,10.55575,,12.24062,,Down,1
USDC-USDT,Beefy,Yield Aggregator,Optimism,35766,1.00191,,5.73152,,Up,2
USDC,Yearn Finance,Yield Aggregator,Ethereum,35434,5.4287,5.4287,5.50967,,Up,1
USDC-DAI,Gamma,Liquidity manager,Optimism,35127,4.24472,4.24472,1.58131,,Up,1
USDC,Stargate V1,Cross Chain Bridge,Fantom,35087,0,,0,,,
USDC,Yearn Finance,Yield Aggregator,Arbitrum,35018,4.23578,4.23578,4.90443,,Up,2
USDC,Beefy,Yield Aggregator,Linea,34797,3.48538,,6.66398,,Down,1
USDC,ACryptoS,Liquidity manager,Base,34790,5.13,,8.98116,,Down,1
USDT,Save,Lending,Solana,34649,0,0,0,,,
USDT,Beefy,Yield Aggregator,Ethereum,34607,0,,3.8999,,,
DAI.E-USDC,Joe V2.1,Dexs,Avalanche,34460,13.71516,13.71516,8.06442,,Down,2
USDC-DAI,Balancer V2,Dexs,Polygon,34383,0.07094,0.07094,0.11059,,Down,1
USDC.E-USDC,Pangolin,Dexs,Avalanche,34284,0.15738,0.15738,0.21278,,Up,3
USDT-DAI,Uniswap V3,Dexs,Optimism,34077,1.74911,1.74911,2.81618,,Up,2
BOLD-USDC,Beefy,Yield Aggregator,Optimism,33916,9.03369,,12.85117,,Up,3
VCHF-USDC,Kamino Liquidity,Liquidity manager,Solana,33912,0,0,1.41124,,,
BASEDAI-USDC,Uniswap V3,Dexs,Ethereum,33909,0,0,0,,,
DUPLICATEDKEY.USDC,Morpho Blue,Lending,Ethereum,33487,18.68631,18.68631,54.81866,,Up,1
USDC.E,Aurigami,Lending,Aurora,33454,3.8509,3.8509,4.03328,,Down,2
DAI-USDT,Web3.world,Dexs,Venom,33312,0.0029,0.0029,0.00225,,,
USDT-USDC,Hydradex V3,Dexs,Hydra,32883,0,0,0,,,
WUSD-USDT,Uniswap V3,Dexs,Polygon,32831,0,0,0,,,
USDC,Harmonix Finance,Yield,Arbitrum,32743,1.06791,1.06791,4.36834,,Up,2
USDT,Harvest Finance,Yield Aggregator,Polygon,32651,3.29,3.29,4.11465,,Up,2
USDC,Impermax Finance,Lending,Base,32606,7.10851,7.10851,11.41557,,Down,1
DAI-USDT,Steer Protocol,Liquidity manager,Polygon,32563,3.32,3.32,3.9535,,Down,2
USDT-USDX,Uniswap V3,Dexs,BSC,32426,0,0,0,,,
USD+-USDC,Beefy,Yield Aggregator,Arbitrum,32082,0.00149,,10.5206,,,
USDC-USDT,MDEX,Dexs,Heco,31859,0.39774,0.00044,0.39774,0.3973,Down,1
USDT,Clearpool Lending,Uncollateralized Lending,Mantle,31713,13.65139,10.39182,15.29479,3.25957,Down,1
USDC,Clearpool Lending,Uncollateralized Lending,Ethereum,31448,0,0,0,,,
USDC.E-USDC,SushiSwap,Dexs,Avalanche,31161,0.13269,0.13269,3.67208,,Down,1
USDC,Beefy,Yield Aggregator,Ethereum,30652,5.12956,,5.54576,,Down,1
USDC-ALUSD,Velodrome V2,Dexs,Optimism,30544,0.60608,,1.15031,0.60608,Up,3
USDT,CREAM Lending,Lending,Ethereum,30528,0.00008,0.00008,0.00008,,,
USDC-DOLA,Velodrome V2,Dexs,Optimism,30215,2.47695,,3.51803,2.47695,Up,2
FDUSD-USDC,Kamino Liquidity,Liquidity manager,Solana,30109,0.21472,0.21472,1.82982,,Down,1
USDC-ZUNUSD,Aerodrome V1,Dexs,Base,29590,5.13543,,11.45883,5.13543,Up,1
USDC.E-SCUSD,Equalizer Exchange,Dexs,Sonic,29302,0.28088,,0.43624,0.28088,Up,1
USDT-USDC,Uniswap V3,Dexs,BSC,29194,0,0,0,,,
USDZ-USDC,Beefy,Yield Aggregator,Base,29066,27.32761,,4.50727,,Down,2
USDH-USDC,Kamino Liquidity,Liquidity manager,Solana,28767,0,0,1.30264,,,
USDC,Morpho Blue,Lending,Base,28661,0,,0,,,
USDC-BUSD,Uniswap V3,Dexs,Polygon,28544,0.00584,0.00584,0.18223,,Up,2
USDC-USDT,Uniswap V3,Dexs,Polygon,28152,0,0,0,,,
USDT,Harvest Finance,Yield Aggregator,Ethereum,27834,5.69,5.69,40.04572,,Up,1
USDT,Beefy,Yield Aggregator,Arbitrum,27716,2.97115,,4.53234,,Up,2
FEI-USDC,Uniswap V3,Dexs,Ethereum,27451,0,0,0.00223,,,
USDT,Clearpool Lending,Uncollateralized Lending,Mantle,27422,13.54174,10.73736,15.32573,2.80438,Up,1
USDT,Radiant V1,Lending,Arbitrum,27421,0.92195,0.5259,0.92729,0.39605,Up,2
USDC-USC,Single Finance,Leveraged Farming,Cronos,27235,18.5938,18.5938,16.95412,,Down,2
DAI-USDT,MDEX,Dexs,BSC,27030,0.77362,0,0.77042,0.77362,Down,1
USDC,dForce,Lending,Arbitrum,26916,37.96144,37.96144,37.96144,,Down,3
ADAI-AUSDC-AUSDT,Convex Finance,Yield,Ethereum,26894,27.15325,3.29,4.05883,23.86325,Down,2
USDC,Harvest Finance,Yield Aggregator,Arbitrum,26811,3.21,3.21,5.44158,,Down,1
USDT,Wing Finance,Lending,Ontology,26565,0.13117,0.11361,0.13298,0.01756,Up,1
USDC.E,Aloe,Lending,Optimism,26538,0,0,0,,,
FRAX-USDCE,Beefy,Yield Aggregator,Optimism,26284,2.19072,,5.91621,,Up,2
USDC,Beefy,Yield Aggregator,Arbitrum,26045,4.6508,,6.01268,,Up,2
USDT,YLDR,Lending,Polygon,25994,0.44133,0.44133,10.19912,,Up,3
USDC,Nabla Finance,Dexs,Arbitrum,25702,1.21804,1.21804,5.02405,,Up,2
GYD-USDC,Beefy,Yield Aggregator,Ethereum,25520,11.36002,,13.28599,,Up,1
USDC-DAI,GMX V2 Perps,Derivatives,Arbitrum,25466,0.17324,0.17324,0.34728,,Up,2
USDC-USDT,Velodrome V2,Dexs,Optimism,25369,1.74307,,3.31125,1.74307,Up,2
EUSD-USDC,Curve DEX,Dexs,Ethereum,25345,0,0,2.74323,,,
USDC,Ionic Protocol,Lending,Optimism,25325,2.21778,2.21778,2.08017,,Up,2
DOLA-USDC,Beefy,Yield Aggregator,Arbitrum,25312,0.04506,,0.16498,,Up,2
USDC,dForce,Lending,Ethereum,25277,2.48754,2.48754,2.48754,,Up,2
NEKOUSDC,Morpho Blue,Lending,Base,25009,0,0,0.84049,,,
DAI-USDC,SushiSwap,Dexs,Ethereum,24994,0.05719,0.05719,0.03669,,Up,1
DAI.E-USDT,Joe V2.1,Dexs,Avalanche,24957,19.94648,19.94648,15.19915,,Down,2
STATAARBUSDCN-USDC,Balancer V2,Dexs,Arbitrum,24884,0.00464,0.00464,0.02786,,,
USDC,Beefy,Yield Aggregator,Base,24876,0,,3.96074,,,
STATAARBUSDCN-USDC,Beefy,Yield Aggregator,Arbitrum,24795,1.83814,,2.27646,,Up,2
STATAARBUSDCN-USDC,Aura,Yield,Arbitrum,24794,0,,0,,,
USDT-USDC,Gamma,Liquidity manager,Rollux,24535,0,0,0.24275,,,
USDT-MONEYCAT,Uniswap V3,Dexs,BSC,24434,0,0,0,,,
USDT,Harvest Finance,Yield Aggregator,Arbitrum,24376,0.94,0.94,5.60472,,Up,2
DOLA-USDCE,Beefy,Yield Aggregator,Optimism,24354,2.25197,,3.21477,,Up,2
USDC,Nolus Protocol,Lending,Nolus,24210,0,0,8.97123,,,
JUSDC,Dolomite,Lending,Arbitrum,24130,0,0,0,,,
USDC-DAI,Uniswap V3,Dexs,Optimism,23959,0.00948,0.00948,0.90651,,Up,1
USDD-DAI-USDC-USDT,Beefy,Yield Aggregator,Ethereum,23922,3.57776,,3.42362,,Down,2
USDC-USDT,Kamino Liquidity,Liquidity manager,Solana,23866,0,0,0.16638,,,
USDC,VaultCraft,Yield,Arbitrum,23528,9.59457,4.1382,9.63107,5.45637,Up,1
USDT,Clearpool Lending,Uncollateralized Lending,Mantle,23520,13.83777,10.93081,15.35966,2.90696,Down,1
USDC.E-DAI.E,Joe DEX,Dexs,Avalanche,23398,1.98853,1.98853,1.71926,,Down,1
USDT-USDC,Beefy,Yield Aggregator,Cronos,23352,0.93106,,1.01721,,Up,2
USDC-USD+,Beefy,Yield Aggregator,Base,23246,4.42569,,5.94709,,Up,1
USDC-DAI,Gamma,Liquidity manager,Arbitrum,22977,0.8649,0.8649,3.87609,,Up,2
USDA-USDC,Beefy,Yield Aggregator,Base,22836,1.98543,,6.93189,,Up,2
MIM-USDC.E-USDT,Abracadabra Spell,CDP,Arbitrum,22781,2.56,2.56,0.39406,,Up,2
USDC-BUSD-USDT,Balancer V2,Dexs,Polygon,22574,0.83556,0.83556,0.99672,,Up,1
USDC,ZeroLend,Lending,Ethereum,22455,0.80788,0.80788,2.7439,,Up,2
USDC.E-USDC,Uniswap V3,Dexs,Avalanche,22410,53.76247,53.76247,14.11162,,Down,3
PUSDT,Notional V3,Lending,Arbitrum,22126,2.43635,2.43635,9.76802,,Up,2
USDC-FKUSD,Uniswap V2,Dexs,Base,22041,0,0,0.15253,,,
USDT,Wing Finance,Lending,BSC,21757,5.40654,4.52518,6.2739,0.88135,Up,1
USDT,Wombex Finance,Yield,Arbitrum,21756,1.23813,,1.6622,1.23813,Up,3
USDC,Impermax Finance,Lending,Base,21611,1.21305,1.21305,1.77448,,Down,1
USDC,Bancor V3,Dexs,Ethereum,21564,0,0,0,,,
USDC-USDT,Beefy,Yield Aggregator,Arbitrum,21362,2.69304,,6.62784,,Up,1
USDC.E-USDT.E,Pangolin,Dexs,Avalanche,21209,0.1157,0.1157,0.67768,,Up,1
USDT-USDT.E,Uniswap V3,Dexs,Avalanche,21177,237.65347,237.65347,84.64387,,Down,3
USDC,ApeSwap Lending,Lending,BSC,21158,6.18006,6.18006,13.14641,,Down,2
USDC,dForce,Lending,BSC,21021,3.68867,3.68867,3.68867,,Down,1
USDC.E-USDC,Curve DEX,Dexs,Avalanche,20970,0.58145,0.58145,0.58133,,Up,2
AXLUSDC-USDT,Beefy,Yield Aggregator,BSC,20692,6.21326,,8.06298,,Down,2
USDC,Primex Finance,Derivatives,Base,20636,0,0,0.00078,,,
USDT,Conic Finance,Yield,Ethereum,20586,18.56575,10.57515,21.47783,7.9906,Down,1
USDT-USDT.E,Joe DEX,Dexs,Avalanche,20530,1.21992,1.21992,3.58433,,Up,1
FRAX-USDC,StakeDAO,Yield,Ethereum,20457,4.1,4.1,7.75242,,Down,2
GUSDC-USDC,Beefy,Yield Aggregator,Arbitrum,20176,0.29973,,2.28276,,Up,3
USDC-USDT.E,GMX V2 Perps,Derivatives,Avalanche,20167,0.03065,0.03065,0.10193,,Down,1
USDT-USDT.E,GMX V2 Perps,Derivatives,Avalanche,20162,0.03066,0.03066,0.09974,,Down,1
USDC-DAI.E,GMX V2 Perps,Derivatives,Avalanche,20020,0,0,0.00004,,,
USDC-CGUSD,Uniswap V2,Dexs,Base,20008,0.71516,0.71516,0.65478,,Down,2
STATAARBUSDCN-GYD,Beefy,Yield Aggregator,Arbitrum,19889,9.45809,,13.8988,,Up,2
USDC,Fluid Lending,Lending,Ethereum,19861,2.7,2.7,3.19385,,,
USDT,Ionic Protocol,Lending,Mode,19748,0,0,0,,,
USDT,Moonwell Apollo,Lending,Moonriver,19713,0.00091,0.00091,0.00092,,,
USDE-USDC,StakeDAO,Yield,Arbitrum,19612,33.22685,7.32081,50.91077,25.90604,Up,2
WAETHUSDT-WAETHUSDE,Beefy,Yield Aggregator,Ethereum,19610,3.68647,,12.58184,,Up,1
DAI-USDC,Beefy,Yield Aggregator,Base,19548,6.68091,,3.41453,,Up,2
USDT-USDC,GrizzlyFi Hives,Yield,BSC,19478,0.97591,0.97591,2.56744,,Down,1
USDC-FRAX,Uniswap V3,Dexs,Polygon,19418,13.63894,13.63894,9.84215,,Down,2
USDT,Clearpool Lending,Uncollateralized Lending,Optimism,19313,0,0,0,,,
USDC,Keom Protocol,Lending,Polygon zkEVM,19211,2.63529,2.63529,3.99582,,Down,1
USDC-NEXTUSDC,Connext,Bridge,BSC,19135,0.1005,0.1005,0.21792,,Up,2
FUSDT-DAI-USDC,Curve DEX,Dexs,Fantom,19119,0.04,0.04,0.34315,,Down,1
USDC-USDC,Uniswap V3,Dexs,Polygon,18896,9.49583,9.49583,40.66604,,Up,2
USDE-USDT,Beefy,Yield Aggregator,Arbitrum,18622,0.70456,,4.76055,,Up,1
USDC,GoldLink,Leveraged Farming,Arbitrum,18565,175.79406,155.79406,135.91201,20,Down,3
ALUSD-FRAX-USDC,Beefy,Yield Aggregator,Ethereum,18400,10.29603,,11.38115,,Down,1
USDT,Clearpool Lending,Uncollateralized Lending,Optimism,18083,0,0,0,,,
USDC,Yearn Finance,Yield Aggregator,Arbitrum,17969,7.63425,7.63425,11.12455,,Up,3
USD+-FRAX-USDCE,Beefy,Yield Aggregator,Arbitrum,17661,1.88465,,2.72309,,Up,2
USD+-USDT,Beefy,Yield Aggregator,Arbitrum,17573,4.72284,,9.07713,,Down,1
USDC-DAI,Velodrome V2,Dexs,Optimism,17570,0.43743,,0.66237,0.43743,Up,3
USDC,Alpaca Leveraged Yield Farming,Leveraged Farming,BSC,17546,0,,0,,,
USDT-BUSD,Beefy,Yield Aggregator,BSC,17508,0.20052,,71.6554,,Up,3
USDC-USDT,Uniswap V3,Dexs,Optimism,17259,0.24018,0.24018,1.05972,,Up,3
USDC,Harvest Finance,Yield Aggregator,zkSync Era,17195,6.71,6.71,12.56141,,Up,1
FRAX-DAI-USDC-USDT,StakeDAO,Yield,Ethereum,17079,0.24,0.24,0.32103,,Down,1
YCDAI-YCUSDC-YCUSDT-USDP,Curve DEX,Dexs,Ethereum,16979,0.01338,0,0.15158,0.01338,Up,1
USDT-USDCE,Beefy,Yield Aggregator,Sonic,16707,11.27677,,14.28737,,Down,1
APUSDC-JWLAPUSDC,Ashswap,Dexs,MultiversX,16630,1.77463,0,2.2369,1.77463,Up,2
USDT-USDC.E,Joe V2.1,Dexs,Arbitrum,16597,2.82367,2.82367,3.17503,,Up,2
XCUSDT,Prime Protocol,Lending,Moonbeam,16553,1.97803,1.97803,2.35384,,Up,2
DAI-USDC,Hydradex V3,Dexs,Hydra,16296,0,0,0.00003,,,
USDT,ZeroLend,Lending,Manta,16201,0.32923,0.32923,0.4131,,Down,2
USDT-USDT,Cellana Finance,Dexs,Aptos,16173,2.51696,0,8.60857,2.51696,Up,2
USDC,Idle,Yield Aggregator,Ethereum,16119,435.79613,435.79613,167.77154,,Down,3
USDC.E,KiloEx,Derivatives,Taiko,16018,0.93,0.93,0.63731,,Up,3
USDC-BOBA0.05%,Teahouse Permissionless,Liquidity manager,Boba,16003,0,0,0,,,
MIM-USDC,Beefy,Yield Aggregator,Arbitrum,15967,7.57751,,12.8577,,Up,2
AVAXAI-USDC,Joe DEX,Dexs,Avalanche,15879,11.08821,11.08821,38.11227,,Down,1
USDC-USDC,Arbitrum Exchange V2,Dexs,Arbitrum,15854,0,0,0.01286,,,
USDC-USDT,Uniswap V3,Dexs,Polygon,15753,0,0,0,,,
USDC,Ionic Protocol,Lending,Mode,15543,0,0,0,,,
DAI-USDT,SushiSwap,Dexs,Polygon,15507,0.01112,0.01112,0.25439,,Down,1
USDT,dForce,Lending,Arbitrum,15467,16.0346,16.0346,16.0346,,Down,3
USDC,Green Planet,Lending,BSC,15432,0.90375,0.72553,1.25392,0.17822,Up,2
USDT-USDC,Uniswap V3,Dexs,BSC,15421,0,0,0,,,
USDCE-USDT-SDAI,Beefy,Yield Aggregator,Gnosis,15378,5.57963,,7.65952,,Down,1
USDC,Yearn Finance,Yield Aggregator,Ethereum,15302,4.88187,4.88187,4.23979,,Down,2
USDL-BUSD-USDC-USDT,Ellipsis Finance,Dexs,BSC,15157,0,,0,,,
USDC-NEXTUSDC,Connext,Bridge,Polygon,15089,0.03683,0.03683,0.13985,,Up,3
USDC-MONEY,Curve DEX,Dexs,Arbitrum,14903,3.28,3.28,5.15838,,Down,2
MSUSD-USDC,Beefy,Yield Aggregator,Optimism,14841,9.10249,,12.44515,,Up,3
USDC-USDT,Uniswap V3,Dexs,Polygon,14780,11.14027,11.14027,3.54938,,Down,1
USDC-TUSD-DAI-USDT,Balancer V2,Dexs,Polygon,14554,0.22796,0.22796,0.20791,,Up,2
FUSDT,Notional V3,Lending,Arbitrum,14416,7.41818,7.41818,8.18621,,Up,1
USDT,ZeroLend,Lending,zkSync Era,14281,1.76215,1.76215,4.85434,,Up,2
USDT-WDAI-JWLUSD,Ashswap,Dexs,MultiversX,14263,4.81044,0.73266,5.74407,4.07778,Down,1
FUSDC-USDC,Camelot V2,Dexs,Arbitrum,14183,0.08227,0.08227,0.17993,,Up,2
S*USDC,Abracadabra Spell,CDP,Ethereum,14146,0,,0,,,
USDC-WUSDR,Velodrome V2,Dexs,Optimism,14135,11.29368,,11.5287,11.29368,Up,2
USDC,ZeroLend,Lending,Base,14112,2.32888,2.32888,8.94031,,Up,1
FXSABAI-USDT,Uniswap V3,Dexs,Polygon,14101,0,0,0,,,
USDC,Morpho Compound,Lending,Ethereum,14078,1.68493,1.68493,4.2924,,Up,2
DAI-USDC,Web3.world,Dexs,Venom,14072,0,0,0.00231,,,
PYUSD-USDC,Curve DEX,Dexs,Ethereum,14023,0,0,0.0757,,,
USDC-USDT,Uniswap V3,Dexs,Arbitrum,14021,31.08176,31.08176,17.36433,,Down,3
USDC-RAI,Uniswap V3,Dexs,Optimism,13927,3.03979,3.03979,2.5877,,Down,2
USDC,ZeroLend,Lending,Manta,13789,0.35153,0.35153,0.47068,,Down,1
OUSDT,Kokoa Finance,CDP,Klaytn,13780,0,,0,,,
USDZ-USDC,Beefy,Yield Aggregator,Base,13761,1.20576,,2.37767,,Up,1
USDC,Idle,Yield Aggregator,Ethereum,13752,8.33902,8.33902,1012.55215,,Up,1
USDC-USDT,Integral,Dexs,Ethereum,13582,0,0,0,,,
USDC-NEXTUSDC,Connext,Bridge,Arbitrum,13571,0.24566,0.24566,0.25267,,Up,1
XAI-USDC,SushiSwap,Dexs,Ethereum,13541,0,0,3.43234,,,
USDC,wefi,Lending,Polygon,13497,3.77842,3.77842,3.77842,,Up,1
USDT,ParaSpace Lending V1,Lending,Ethereum,13483,0,0,0,,,
USDC.E,Silo V2,Lending,Sonic,13458,4.89935,4.89935,4.21981,,Down,2
AXLUSDC.E-USDC,Uniswap V3,Dexs,Arbitrum,13376,8.28602,8.28602,9.21324,,Up,1
USDC-USDC+,Curve DEX,Dexs,Ethereum,13313,0,0,0.00035,,,
USDC,Prime Protocol,Lending,Arbitrum,13284,1.83548,1.83548,2.16792,,Up,1
USDT-BUSD,Alpaca Leveraged Yield Farming,Leveraged Farming,BSC,13179,15.38659,,7.86248,,Down,3
USDT,Wompie,Yield,BSC,13072,0.00415,,0.00436,0.00415,,
USD+-USDT,Uniswap V3,Dexs,Arbitrum,13000,1.96084,1.96084,8.04656,,Up,3
USDT,Beefy,Yield Aggregator,Linea,12962,2.93738,,5.9805,,Up,1
USDT,Stargate V1,Cross Chain Bridge,Kava,12788,0,,0,,,
USDT,Wise Lending V2,Lending,Ethereum,12697,0.05958,0.05958,0.03745,,Down,1
KUXDUSDCORCA,Kamino Lend,Lending,Solana,12695,0,0,0,,,
USDC-USDT,Gamma,Liquidity manager,Polygon,12695,0,0,2.18769,,,
KUSD-UUSD-USDT,QuipuSwap Stableswap,Dexs,Tezos,12588,17.72883,,17.53987,,Down,3
USDC-BUSD,Goose Finance,Farm,BSC,12555,10.64205,,13.07397,10.64205,Down,1
USDT-AUSD,Curve DEX,Dexs,Ethereum,12512,7.86,7.86,7.59197,,Down,1
USDT-USDC,GrizzlyFi Hives,Yield,BSC,12499,5.42371,5.42371,5.42371,,Down,2
USDC,Yearn Finance,Yield Aggregator,Arbitrum,12471,0.14133,0.14133,2.1486,,Up,3
USDC,Wise Lending V2,Lending,Arbitrum,12308,2.1212,2.1212,2.5214,,Up,2
RAI-USDC.E,Uniswap V3,Dexs,Arbitrum,12302,0.0012,0.0012,2.10452,,,
USDC,Clearpool Lending,Uncollateralized Lending,Optimism,12267,0.00085,0.00085,0.00085,,,
USDC,Yearn Finance,Yield Aggregator,Arbitrum,12233,3.66993,3.66993,4.28181,,Up,2
USDT,SmartCredit,Lending,Ethereum,12084,10.71,6.47,10.85367,4.24,Down,2
IBUSDC,Alpaca Leveraged Yield Farming,Leveraged Farming,BSC,11939,0,,0,,,
USDC-USDC,Uniswap V3,Dexs,Arbitrum,11898,0,0,0,,,
USDC.E,Symbiosis,Cross Chain Bridge,Avalanche,11852,0,,0,,,
USDC,Harvest Finance,Yield Aggregator,zkSync Era,11850,5.01,5.01,21.07277,,Up,1
MWUSDC,Hyperdrive,Yield,Base,11838,10.25068,10.25068,10.25068,,Down,1
USDT,ApeSwap Lending,Lending,BSC,11801,6.6442,6.6442,10.96151,,Down,1
USDT-BUSD,Goose Finance,Farm,BSC,11751,11.3705,,12.74933,11.3705,Down,2
USDT-USDC,Camelot V2,Dexs,Arbitrum,11723,0.65121,0.65121,0.94557,,Down,2
USDC,Fringe V1,Lending,Ethereum,11700,0.0635,0.0635,0.0635,,Down,2
USDC-APPEASUSDC,Camelot V2,Dexs,Arbitrum,11679,5.00245,5.00245,2.49027,,Down,3
USDC,Wompie,Yield,Arbitrum,11634,2.85779,,3.6522,2.85779,Up,3
GUSD-USDC,Uniswap V3,Dexs,Ethereum,11602,5.53769,5.53769,2.12651,,Down,2
USDC-USDT-USDY,Stratum Exchange,Dexs,Mantle,11574,22.63215,,26.45787,22.63215,Down,2
USDT,Clearpool Lending,Uncollateralized Lending,Optimism,11343,0,0,0,,,
FUSDT,Notional V3,Lending,Arbitrum,11321,4.20397,4.20397,5.75863,,Up,2
NUSDT,Notional V3,Lending,Arbitrum,11319,4.13147,4.13147,10.49319,,Up,3
NUSDT,Notional V3,Lending,Arbitrum,11267,0.70076,0.70076,29.8758,,Up,3
USDT,Harvest Finance,Yield Aggregator,zkSync Era,11265,8,8,14.74436,,Down,2
AVAI-USDC.E,Pangolin,Dexs,Avalanche,11106,0.20015,0.20015,0.20199,,Down,2
USDC,Tender Finance,Lending,Arbitrum,10996,8.8931,8.8931,9.28808,,Down,1
AXLUSDC-USDC,Curve DEX,Dexs,Avalanche,10916,0.00022,0.00022,0.0008,,,
DAI-USDT,Uniswap V3,Dexs,Arbitrum,10860,1.72457,1.72457,9.86237,,Up,1
USDC-USDT,Beefy,Yield Aggregator,Arbitrum,10832,1.51539,,2.58077,,Up,2
USDT,Save,Lending,Solana,10786,0,0,0,,,
ZUSDT,Meso Finance,Lending,Aptos,10742,4.85237,4.85237,9.54743,,Up,1
OUSDT-OUSDC,Kokoa Finance,CDP,Klaytn,10731,0,,0,,,
USR-USDC,Aerodrome V1,Dexs,Base,10657,5.27446,,4.17053,5.27446,Down,3
MEUSDC,Morpho Blue,Lending,Ethereum,10565,33.52954,33.52954,315.34483,,Up,1
FRAX-USDT,Beefy,Yield Aggregator,Arbitrum,10545,4.67666,,7.64698,,Up,1
USDT,Clearpool Lending,Uncollateralized Lending,Ethereum,10437,0,0,0,,,
USDT-USDCE,Beefy,Yield Aggregator,Arbitrum,10356,26.91766,,4.74561,,Down,3
USDC-USDT,StakeDAO,Yield,Arbitrum,10276,7.86221,1.88,5.96847,5.98221,,
USDC-USDM,Beefy,Yield Aggregator,Optimism,10274,9.36689,,3.77741,,Up,2
USDC,Save,Lending,Solana,10263,32.22,32.22,33.1139,,,
USDT,Idle,Yield Aggregator,Optimism,10229,0,0,0,,,
DAI-USDT,MDEX,Dexs,Heco,10227,0.48554,0.00953,0.48554,0.47601,Down,2
USDT,Save,Lending,Solana,10182,1.51,1.51,1.80061,,Down,1
USDT-USDC,SushiSwap,Dexs,Arbitrum,10168,81.2778,81.2778,9.71975,,Down,3
WUSDC,Meso Finance,Lending,Aptos,10140,4.65707,4.65707,13.35485,,Up,2
USDT-USDC-WXDAI,Balancer V2,Dexs,Gnosis,10132,1.99714,1.99714,1.26819,,Down,2
USDCE-USDT,Beefy,Yield Aggregator,Optimism,10067,1.58068,,3.01855,,Up,2
USDB-USDC,Curve DEX,Dexs,Ethereum,10052,0,0,0,,,
OUSD-USDT,StakeDAO,Yield,Ethereum,10041,0.39,0.39,0.13084,,Down,1
STATAARBUSDCN-GHO,Beefy,Yield Aggregator,Arbitrum,10034,7.29288,,9.42867,,Up,2
USDC,Interport Finance,Cross Chain Bridge,Linea,10018,0,0,0,,,
USDC,Silo V1,Lending,Ethereum,10010,2.68501,2.68501,2.58413,,Down,2
BOB-USDC.E,Uniswap V3,Dexs,Arbitrum,10004,0,0,0.04369,,,
USDC-BOB,Uniswap V3,Dexs,BSC,10004,0,0,0,,,
